    1        13.8451
    2        6.91966
    3        4.89092
    4        3.86503
    5        3.23241
    6        2.79822
    7        2.47937
    8        2.23398
    9        2.03853
   10         1.8787
   11        1.74523
   12        1.63188
   13        1.53425
   14        1.44917
   15        1.37427
   16        1.30777
   17        1.24826
   18        1.19467
   19         1.1461
   20        1.10187
   21        1.06139
   22        1.02418
   23       0.989849
   24       0.958058
   25       0.928526
   26       0.901008
   27       0.875297
   28       0.851214
   29       0.828601
   30       0.807323
   31       0.787259
   32       0.768304
   33       0.750365
   34       0.733358
   35       0.717209
   36       0.701853
   37       0.687229
   38       0.673285
   39       0.659971
   40       0.647245
   41       0.635066
   42       0.623398
   43       0.612208
   44       0.601466
   45       0.591145
   46       0.581219
   47       0.571665
   48       0.562461
   49       0.553588
   50       0.545027
   51       0.536762
   52       0.528776
   53       0.521055
   54       0.513586
   55       0.506356
   56       0.499352
   57       0.492565
   58       0.485983
   59       0.479597
   60       0.473398
   61       0.467378
   62       0.461528
   63       0.455841
   64       0.450311
   65       0.444929
   66       0.439691
   67        0.43459
   68       0.429621
   69       0.424779
   70       0.420057
   71       0.415452
   72        0.41096
   73       0.406576
   74       0.402295
   75       0.398115
   76       0.394031
   77        0.39004
   78       0.386138
   79       0.382324
   80       0.378593
   81       0.374942
   82        0.37137
   83       0.367873
   84       0.364449
   85       0.361096
   86       0.357811
   87       0.354592
   88       0.351438
   89       0.348345
   90       0.345313
   91       0.342339
   92       0.339421
   93       0.336559
   94        0.33375
   95       0.330993
   96       0.328286
   97       0.325627
   98       0.323017
   99       0.320452
  100       0.317933
  101       0.315457
  102       0.313024
  103       0.310632
  104        0.30828
  105       0.305967
  106       0.303693
  107       0.301456
  108       0.299255
  109        0.29709
  110       0.294959
  111       0.292861
  112       0.290797
  113       0.288764
  114       0.286763
  115       0.284792
  116       0.282851
  117       0.280939
  118       0.279055
  119         0.2772
  120       0.275371
  121       0.273569
  122       0.271792
  123       0.270041
  124       0.268315
  125       0.266613
  126       0.264935
  127        0.26328
  128       0.261647
  129       0.260037
  130       0.258449
  131       0.256882
  132       0.255336
  133        0.25381
  134       0.252304
  135       0.250818
  136       0.249352
  137       0.247904
  138       0.246475
  139       0.245063
  140        0.24367
  141       0.242294
  142       0.240935
  143       0.239593
  144       0.238268
  145       0.236959
  146       0.235665
  147       0.234388
  148       0.233125
  149       0.231878
  150       0.230646
  151       0.229428
  152       0.228224
  153       0.227034
  154       0.225859
  155       0.224696
  156       0.223548
  157       0.222412
  158       0.221289
  159       0.220179
  160       0.219081
  161       0.217996
  162       0.216922
  163       0.215861
  164       0.214811
  165       0.213773
  166       0.212746
  167       0.211731
  168       0.210726
  169       0.209732
  170       0.208749
  171       0.207776
  172       0.206814
  173       0.205862
  174        0.20492
  175       0.203988
  176       0.203065
  177       0.202152
  178       0.201249
  179       0.200355
  180        0.19947
  181       0.198595
  182       0.197728
  183        0.19687
  184       0.196021
  185        0.19518
  186       0.194348
  187       0.193525
  188       0.192709
  189       0.191902
  190       0.191103
  191       0.190311
  192       0.189528
  193       0.188752
  194       0.187984
  195       0.187223
  196        0.18647
  197       0.185724
  198       0.184986
  199       0.184254
  200        0.18353
  201       0.182812
  202       0.182102
  203       0.181398
  204       0.180701
  205       0.180011
  206       0.179327
  207        0.17865
  208       0.177979
  209       0.177314
  210       0.176656
  211       0.176003
  212       0.175357
  213       0.174717
  214       0.174083
  215       0.173455
  216       0.172833
  217       0.172216
  218       0.171605
  219          0.171
  220         0.1704
  221       0.169806
  222       0.169217
  223       0.168634
  224       0.168056
  225       0.167483
  226       0.166915
  227       0.166352
  228       0.165795
  229       0.165242
  230       0.164695
  231       0.164152
  232       0.163615
  233       0.163082
  234       0.162554
  235        0.16203
  236       0.161511
  237       0.160997
  238       0.160487
  239       0.159982
  240       0.159481
  241       0.158985
  242       0.158493
  243       0.158005
  244       0.157522
  245       0.157042
  246       0.156567
  247       0.156096
  248       0.155629
  249       0.155166
  250       0.154708
  251       0.154253
  252       0.153802
  253       0.153354
  254       0.152911
  255       0.152471
  256       0.152036
  257       0.151604
  258       0.151175
  259        0.15075
  260       0.150329
  261       0.149911
  262       0.149497
  263       0.149086
  264       0.148679
  265       0.148275
  266       0.147875
  267       0.147478
  268       0.147084
  269       0.146693
  270       0.146306
  271       0.145921
  272        0.14554
  273       0.145163
  274       0.144788
  275       0.144416
  276       0.144047
  277       0.143681
  278       0.143319
  279       0.142959
  280       0.142602
  281       0.142248
  282       0.141897
  283       0.141548
  284       0.141203
  285        0.14086
  286        0.14052
  287       0.140182
  288       0.139848
  289       0.139516
  290       0.139186
  291       0.138859
  292       0.138535
  293       0.138213
  294       0.137894
  295       0.137577
  296       0.137263
  297       0.136951
  298       0.136642
  299       0.136334
  300        0.13603
  301       0.135727
  302       0.135427
  303       0.135129
  304       0.134834
  305       0.134541
  306        0.13425
  307       0.133961
  308       0.133674
  309       0.133389
  310       0.133107
  311       0.132827
  312       0.132548
  313       0.132272
  314       0.131998
  315       0.131726
  316       0.131456
  317       0.131188
  318       0.130921
  319       0.130657
  320       0.130395
  321       0.130134
  322       0.129876
  323       0.129619
  324       0.129364
  325       0.129111
  326        0.12886
  327        0.12861
  328       0.128363
  329       0.128117
  330       0.127872
  331        0.12763
  332       0.127389
  333        0.12715
  334       0.126912
  335       0.126677
  336       0.126442
  337        0.12621
  338       0.125979
  339       0.125749
  340       0.125521
  341       0.125295
  342        0.12507
  343       0.124847
  344       0.124625
  345       0.124404
  346       0.124185
  347       0.123968
  348       0.123752
  349       0.123537
  350       0.123324
  351       0.123112
  352       0.122902
  353       0.122693
  354       0.122485
  355       0.122278
  356       0.122073
  357       0.121869
  358       0.121667
  359       0.121466
  360       0.121266
  361       0.121067
  362        0.12087
  363       0.120673
  364       0.120478
  365       0.120284
  366       0.120092
  367         0.1199
  368        0.11971
  369       0.119521
  370       0.119333
  371       0.119146
  372        0.11896
  373       0.118775
  374       0.118592
  375       0.118409
  376       0.118228
  377       0.118048
  378       0.117868
  379        0.11769
  380       0.117513
  381       0.117337
  382       0.117161
  383       0.116987
  384       0.116814
  385       0.116642
  386       0.116471
  387         0.1163
  388       0.116131
  389       0.115962
  390       0.115795
  391       0.115628
  392       0.115463
  393       0.115298
  394       0.115134
  395       0.114971
  396       0.114809
  397       0.114648
  398       0.114487
  399       0.114328
  400       0.114169
  401       0.114011
  402       0.113854
  403       0.113698
  404       0.113542
  405       0.113388
  406       0.113234
  407       0.113081
  408       0.112929
  409       0.112777
  410       0.112626
  411       0.112476
  412       0.112327
  413       0.112178
  414       0.112031
  415       0.111884
  416       0.111737
  417       0.111591
  418       0.111447
  419       0.111302
  420       0.111159
  421       0.111016
  422       0.110874
  423       0.110732
  424       0.110591
  425       0.110451
  426       0.110311
  427       0.110172
  428       0.110034
  429       0.109896
  430       0.109759
  431       0.109623
  432       0.109487
  433       0.109352
  434       0.109217
  435       0.109083
  436       0.108949
  437       0.108817
  438       0.108684
  439       0.108553
  440       0.108421
  441       0.108291
  442       0.108161
  443       0.108031
  444       0.107902
  445       0.107774
  446       0.107646
  447       0.107519
  448       0.107392
  449       0.107265
  450        0.10714
  451       0.107014
  452       0.106889
  453       0.106765
  454       0.106641
  455       0.106518
  456       0.106395
  457       0.106273
  458       0.106151
  459        0.10603
  460       0.105909
  461       0.105788
  462       0.105668
  463       0.105548
  464       0.105429
  465       0.105311
  466       0.105192
  467       0.105075
  468       0.104957
  469        0.10484
  470       0.104724
  471       0.104608
  472       0.104492
  473       0.104377
  474       0.104262
  475       0.104148
  476       0.104034
  477        0.10392
  478       0.103807
  479       0.103694
  480       0.103581
  481       0.103469
  482       0.103358
  483       0.103246
  484       0.103135
  485       0.103025
  486       0.102915
  487       0.102805
  488       0.102695
  489       0.102586
  490       0.102477
  491       0.102369
  492       0.102261
  493       0.102153
  494       0.102046
  495       0.101939
  496       0.101832
  497       0.101726
  498        0.10162
  499       0.101514
  500       0.101409
  501       0.101304
  502       0.101199
  503       0.101094
  504        0.10099
  505       0.100887
  506       0.100783
  507        0.10068
  508       0.100577
  509       0.100474
  510       0.100372
  511        0.10027
  512       0.100169
  513       0.100067
  514      0.0999661
  515      0.0998653
  516      0.0997648
  517      0.0996646
  518      0.0995646
  519      0.0994649
  520      0.0993655
  521      0.0992664
  522      0.0991675
  523      0.0990689
  524      0.0989706
  525      0.0988726
  526      0.0987748
  527      0.0986772
  528      0.0985799
  529      0.0984829
  530      0.0983862
  531      0.0982896
  532      0.0981934
  533      0.0980974
  534      0.0980016
  535      0.0979061
  536      0.0978108
  537      0.0977157
  538      0.0976209
  539      0.0975264
  540       0.097432
  541      0.0973379
  542      0.0972441
  543      0.0971504
  544       0.097057
  545      0.0969639
  546      0.0968709
  547      0.0967782
  548      0.0966856
  549      0.0965934
  550      0.0965013
  551      0.0964094
  552      0.0963178
  553      0.0962263
  554      0.0961351
  555      0.0960441
  556      0.0959533
  557      0.0958627
  558      0.0957723
  559      0.0956822
  560      0.0955922
  561      0.0955024
  562      0.0954128
  563      0.0953234
  564      0.0952342
  565      0.0951453
  566      0.0950565
  567      0.0949679
  568      0.0948795
  569      0.0947912
  570      0.0947032
  571      0.0946154
  572      0.0945277
  573      0.0944402
  574      0.0943529
  575      0.0942658
  576      0.0941789
  577      0.0940922
  578      0.0940056
  579      0.0939192
  580       0.093833
  581       0.093747
  582      0.0936611
  583      0.0935754
  584      0.0934899
  585      0.0934046
  586      0.0933194
  587      0.0932344
  588      0.0931495
  589      0.0930648
  590      0.0929803
  591       0.092896
  592      0.0928118
  593      0.0927278
  594      0.0926439
  595      0.0925602
  596      0.0924767
  597      0.0923933
  598      0.0923101
  599       0.092227
  600      0.0921441
  601      0.0920613
  602      0.0919787
  603      0.0918963
  604       0.091814
  605      0.0917318
  606      0.0916498
  607       0.091568
  608      0.0914862
  609      0.0914047
  610      0.0913233
  611       0.091242
  612      0.0911609
  613      0.0910799
  614      0.0909991
  615      0.0909184
  616      0.0908378
  617      0.0907574
  618      0.0906771
  619       0.090597
  620       0.090517
  621      0.0904371
  622      0.0903574
  623      0.0902778
  624      0.0901983
  625       0.090119
  626      0.0900398
  627      0.0899607
  628      0.0898818
  629       0.089803
  630      0.0897243
  631      0.0896458
  632      0.0895674
  633      0.0894891
  634       0.089411
  635      0.0893329
  636       0.089255
  637      0.0891773
  638      0.0890996
  639      0.0890221
  640      0.0889447
  641      0.0888674
  642      0.0887902
  643      0.0887132
  644      0.0886363
  645      0.0885595
  646      0.0884828
  647      0.0884063
  648      0.0883298
  649      0.0882535
  650      0.0881773
  651      0.0881012
  652      0.0880252
  653      0.0879494
  654      0.0878736
  655       0.087798
  656      0.0877225
  657      0.0876471
  658      0.0875718
  659      0.0874966
  660      0.0874216
  661      0.0873466
  662      0.0872718
  663      0.0871971
  664      0.0871224
  665      0.0870479
  666      0.0869735
  667      0.0868992
  668       0.086825
  669      0.0867509
  670       0.086677
  671      0.0866031
  672      0.0865293
  673      0.0864557
  674      0.0863821
  675      0.0863087
  676      0.0862353
  677      0.0861621
  678      0.0860889
  679      0.0860159
  680       0.085943
  681      0.0858701
  682      0.0857974
  683      0.0857247
  684      0.0856522
  685      0.0855798
  686      0.0855074
  687      0.0854352
  688      0.0853631
  689       0.085291
  690      0.0852191
  691      0.0851472
  692      0.0850755
  693      0.0850038
  694      0.0849323
  695      0.0848608
  696      0.0847894
  697      0.0847182
  698       0.084647
  699      0.0845759
  700      0.0845049
  701       0.084434
  702      0.0843632
  703      0.0842925
  704      0.0842219
  705      0.0841513
  706      0.0840809
  707      0.0840105
  708      0.0839403
  709      0.0838701
  710         0.0838
  711        0.08373
  712      0.0836601
  713      0.0835903
  714      0.0835206
  715       0.083451
  716      0.0833814
  717       0.083312
  718      0.0832426
  719      0.0831733
  720      0.0831041
  721       0.083035
  722       0.082966
  723      0.0828971
  724      0.0828282
  725      0.0827594
  726      0.0826907
  727      0.0826221
  728      0.0825536
  729      0.0824852
  730      0.0824169
  731      0.0823486
  732      0.0822804
  733      0.0822123
  734      0.0821443
  735      0.0820763
  736      0.0820085
  737      0.0819407
  738       0.081873
  739      0.0818054
  740      0.0817379
  741      0.0816704
  742      0.0816031
  743      0.0815358
  744      0.0814686
  745      0.0814014
  746      0.0813344
  747      0.0812674
  748      0.0812005
  749      0.0811337
  750       0.081067
  751      0.0810003
  752      0.0809337
  753      0.0808672
  754      0.0808008
  755      0.0807344
  756      0.0806682
  757       0.080602
  758      0.0805358
  759      0.0804698
  760      0.0804038
  761      0.0803379
  762      0.0802721
  763      0.0802064
  764      0.0801407
  765      0.0800751
  766      0.0800096
  767      0.0799441
  768      0.0798787
  769      0.0798134
  770      0.0797482
  771      0.0796831
  772       0.079618
  773       0.079553
  774       0.079488
  775      0.0794232
  776      0.0793584
  777      0.0792937
  778       0.079229
  779      0.0791644
  780      0.0790999
  781      0.0790355
  782      0.0789711
  783      0.0789068
  784      0.0788426
  785      0.0787784
  786      0.0787144
  787      0.0786503
  788      0.0785864
  789      0.0785225
  790      0.0784587
  791       0.078395
  792      0.0783313
  793      0.0782677
  794      0.0782042
  795      0.0781407
  796      0.0780773
  797       0.078014
  798      0.0779507
  799      0.0778875
  800      0.0778244
  801      0.0777614
  802      0.0776984
  803      0.0776354
  804      0.0775726
  805      0.0775098
  806      0.0774471
  807      0.0773844
  808      0.0773218
  809      0.0772593
  810      0.0771968
  811      0.0771344
  812      0.0770721
  813      0.0770098
  814      0.0769476
  815      0.0768855
  816      0.0768234
  817      0.0767614
  818      0.0766995
  819      0.0766376
  820      0.0765758
  821       0.076514
  822      0.0764524
  823      0.0763907
  824      0.0763292
  825      0.0762677
  826      0.0762062
  827      0.0761449
  828      0.0760836
  829      0.0760223
  830      0.0759611
  831         0.0759
  832       0.075839
  833       0.075778
  834       0.075717
  835      0.0756562
  836      0.0755954
  837      0.0755346
  838      0.0754739
  839      0.0754133
  840      0.0753527
  841      0.0752922
  842      0.0752318
  843      0.0751714
  844      0.0751111
  845      0.0750508
  846      0.0749906
  847      0.0749305
  848      0.0748704
  849      0.0748104
  850      0.0747504
  851      0.0746905
  852      0.0746307
  853      0.0745709
  854      0.0745111
  855      0.0744515
  856      0.0743919
  857      0.0743323
  858      0.0742728
  859      0.0742134
  860       0.074154
  861      0.0740947
  862      0.0740355
  863      0.0739763
  864      0.0739171
  865       0.073858
  866       0.073799
  867        0.07374
  868      0.0736811
  869      0.0736223
  870      0.0735635
  871      0.0735047
  872      0.0734461
  873      0.0733874
  874      0.0733289
  875      0.0732704
  876      0.0732119
  877      0.0731535
  878      0.0730952
  879      0.0730369
  880      0.0729787
  881      0.0729205
  882      0.0728624
  883      0.0728043
  884      0.0727463
  885      0.0726883
  886      0.0726304
  887      0.0725726
  888      0.0725148
  889      0.0724571
  890      0.0723994
  891      0.0723418
  892      0.0722842
  893      0.0722267
  894      0.0721693
  895      0.0721118
  896      0.0720545
  897      0.0719972
  898        0.07194
  899      0.0718828
  900      0.0718256
  901      0.0717686
  902      0.0717115
  903      0.0716546
  904      0.0715977
  905      0.0715408
  906       0.071484
  907      0.0714272
  908      0.0713705
  909      0.0713139
  910      0.0712573
  911      0.0712007
  912      0.0711442
  913      0.0710878
  914      0.0710314
  915      0.0709751
  916      0.0709188
  917      0.0708625
  918      0.0708064
  919      0.0707502
  920      0.0706942
  921      0.0706381
  922      0.0705822
  923      0.0705262
  924      0.0704704
  925      0.0704146
  926      0.0703588
  927      0.0703031
  928      0.0702474
  929      0.0701918
  930      0.0701363
  931      0.0700807
  932      0.0700253
  933      0.0699699
  934      0.0699145
  935      0.0698592
  936       0.069804
  937      0.0697487
  938      0.0696936
  939      0.0696385
  940      0.0695834
  941      0.0695284
  942      0.0694735
  943      0.0694186
  944      0.0693637
  945      0.0693089
  946      0.0692542
  947      0.0691994
  948      0.0691448
  949      0.0690902
  950      0.0690356
  951      0.0689811
  952      0.0689267
  953      0.0688723
  954      0.0688179
  955      0.0687636
  956      0.0687093
  957      0.0686551
  958      0.0686009
  959      0.0685468
  960      0.0684928
  961      0.0684387
  962      0.0683848
  963      0.0683308
  964       0.068277
  965      0.0682231
  966      0.0681694
  967      0.0681156
  968      0.0680619
  969      0.0680083
  970      0.0679547
  971      0.0679012
  972      0.0678477
  973      0.0677943
  974      0.0677409
  975      0.0676875
  976      0.0676342
  977       0.067581
  978      0.0675277
  979      0.0674746
  980      0.0674215
  981      0.0673684
  982      0.0673154
  983      0.0672624
  984      0.0672095
  985      0.0671566
  986      0.0671038
  987       0.067051
  988      0.0669983
  989      0.0669456
  990      0.0668929
  991      0.0668403
  992      0.0667878
  993      0.0667353
  994      0.0666828
  995      0.0666304
  996       0.066578
  997      0.0665257
  998      0.0664734
  999      0.0664212
 1000       0.066369
 1001      0.0663169
 1002      0.0662648
 1003      0.0662127
 1004      0.0661607
 1005      0.0661088
 1006      0.0660568
 1007       0.066005
 1008      0.0659532
 1009      0.0659014
 1010      0.0658496
 1011       0.065798
 1012      0.0657463
 1013      0.0656947
 1014      0.0656432
 1015      0.0655917
 1016      0.0655402
 1017      0.0654888
 1018      0.0654374
 1019      0.0653861
 1020      0.0653348
 1021      0.0652835
 1022      0.0652323
 1023      0.0651812
 1024      0.0651301
 1025       0.065079
 1026       0.065028
 1027       0.064977
 1028      0.0649261
 1029      0.0648752
 1030      0.0648244
 1031      0.0647736
 1032      0.0647228
 1033      0.0646721
 1034      0.0646214
 1035      0.0645708
 1036      0.0645202
 1037      0.0644697
 1038      0.0644192
 1039      0.0643687
 1040      0.0643183
 1041      0.0642679
 1042      0.0642176
 1043      0.0641673
 1044      0.0641171
 1045      0.0640669
 1046      0.0640168
 1047      0.0639667
 1048      0.0639166
 1049      0.0638666
 1050      0.0638166
 1051      0.0637666
 1052      0.0637167
 1053      0.0636669
 1054      0.0636171
 1055      0.0635673
 1056      0.0635176
 1057      0.0634679
 1058      0.0634183
 1059      0.0633687
 1060      0.0633191
 1061      0.0632696
 1062      0.0632201
 1063      0.0631707
 1064      0.0631213
 1065       0.063072
 1066      0.0630227
 1067      0.0629734
 1068      0.0629242
 1069       0.062875
 1070      0.0628258
 1071      0.0627767
 1072      0.0627277
 1073      0.0626787
 1074      0.0626297
 1075      0.0625808
 1076      0.0625319
 1077       0.062483
 1078      0.0624342
 1079      0.0623855
 1080      0.0623367
 1081       0.062288
 1082      0.0622394
 1083      0.0621908
 1084      0.0621422
 1085      0.0620937
 1086      0.0620452
 1087      0.0619968
 1088      0.0619484
 1089         0.0619
 1090      0.0618517
 1091      0.0618034
 1092      0.0617552
 1093       0.061707
 1094      0.0616589
 1095      0.0616107
 1096      0.0615627
 1097      0.0615146
 1098      0.0614666
 1099      0.0614187
 1100      0.0613708
 1101      0.0613229
 1102       0.061275
 1103      0.0612273
 1104      0.0611795
 1105      0.0611318
 1106      0.0610841
 1107      0.0610365
 1108      0.0609889
 1109      0.0609413
 1110      0.0608938
 1111      0.0608463
 1112      0.0607989
 1113      0.0607515
 1114      0.0607041
 1115      0.0606568
 1116      0.0606095
 1117      0.0605623
 1118      0.0605151
 1119      0.0604679
 1120      0.0604208
 1121      0.0603737
 1122      0.0603267
 1123      0.0602797
 1124      0.0602327
 1125      0.0601858
 1126      0.0601389
 1127       0.060092
 1128      0.0600452
 1129      0.0599984
 1130      0.0599517
 1131       0.059905
 1132      0.0598583
 1133      0.0598117
 1134      0.0597651
 1135      0.0597186
 1136      0.0596721
 1137      0.0596256
 1138      0.0595792
 1139      0.0595328
 1140      0.0594865
 1141      0.0594401
 1142      0.0593939
 1143      0.0593476
 1144      0.0593014
 1145      0.0592553
 1146      0.0592091
 1147      0.0591631
 1148       0.059117
 1149       0.059071
 1150       0.059025
 1151      0.0589791
 1152      0.0589332
 1153      0.0588874
 1154      0.0588415
 1155      0.0587957
 1156        0.05875
 1157      0.0587043
 1158      0.0586586
 1159       0.058613
 1160      0.0585674
 1161      0.0585218
 1162      0.0584763
 1163      0.0584308
 1164      0.0583854
 1165        0.05834
 1166      0.0582946
 1167      0.0582493
 1168       0.058204
 1169      0.0581587
 1170      0.0581135
 1171      0.0580683
 1172      0.0580232
 1173       0.057978
 1174       0.057933
 1175      0.0578879
 1176      0.0578429
 1177       0.057798
 1178       0.057753
 1179      0.0577081
 1180      0.0576633
 1181      0.0576185
 1182      0.0575737
 1183      0.0575289
 1184      0.0574842
 1185      0.0574396
 1186      0.0573949
 1187      0.0573503
 1188      0.0573058
 1189      0.0572612
 1190      0.0572167
 1191      0.0571723
 1192      0.0571279
 1193      0.0570835
 1194      0.0570391
 1195      0.0569948
 1196      0.0569505
 1197      0.0569063
 1198      0.0568621
 1199      0.0568179
 1200      0.0567738
 1201      0.0567297
 1202      0.0566857
 1203      0.0566416
 1204      0.0565976
 1205      0.0565537
 1206      0.0565098
 1207      0.0564659
 1208       0.056422
 1209      0.0563782
 1210      0.0563345
 1211      0.0562907
 1212       0.056247
 1213      0.0562033
 1214      0.0561597
 1215      0.0561161
 1216      0.0560725
 1217       0.056029
 1218      0.0559855
 1219      0.0559421
 1220      0.0558986
 1221      0.0558553
 1222      0.0558119
 1223      0.0557686
 1224      0.0557253
 1225      0.0556821
 1226      0.0556388
 1227      0.0555957
 1228      0.0555525
 1229      0.0555094
 1230      0.0554663
 1231      0.0554233
 1232      0.0553803
 1233      0.0553373
 1234      0.0552944
 1235      0.0552515
 1236      0.0552086
 1237      0.0551658
 1238       0.055123
 1239      0.0550802
 1240      0.0550375
 1241      0.0549948
 1242      0.0549522
 1243      0.0549095
 1244      0.0548669
 1245      0.0548244
 1246      0.0547819
 1247      0.0547394
 1248      0.0546969
 1249      0.0546545
 1250      0.0546121
 1251      0.0545698
 1252      0.0545274
 1253      0.0544852
 1254      0.0544429
 1255      0.0544007
 1256      0.0543585
 1257      0.0543164
 1258      0.0542742
 1259      0.0542322
 1260      0.0541901
 1261      0.0541481
 1262      0.0541061
 1263      0.0540642
 1264      0.0540223
 1265      0.0539804
 1266      0.0539385
 1267      0.0538967
 1268      0.0538549
 1269      0.0538132
 1270      0.0537715
 1271      0.0537298
 1272      0.0536882
 1273      0.0536466
 1274       0.053605
 1275      0.0535634
 1276      0.0535219
 1277      0.0534804
 1278       0.053439
 1279      0.0533976
 1280      0.0533562
 1281      0.0533149
 1282      0.0532735
 1283      0.0532323
 1284       0.053191
 1285      0.0531498
 1286      0.0531086
 1287      0.0530675
 1288      0.0530264
 1289      0.0529853
 1290      0.0529442
 1291      0.0529032
 1292      0.0528622
 1293      0.0528213
 1294      0.0527803
 1295      0.0527395
 1296      0.0526986
 1297      0.0526578
 1298       0.052617
 1299      0.0525762
 1300      0.0525355
 1301      0.0524948
 1302      0.0524542
 1303      0.0524135
 1304      0.0523729
 1305      0.0523324
 1306      0.0522918
 1307      0.0522513
 1308      0.0522109
 1309      0.0521704
 1310        0.05213
 1311      0.0520897
 1312      0.0520493
 1313       0.052009
 1314      0.0519688
 1315      0.0519285
 1316      0.0518883
 1317      0.0518481
 1318       0.051808
 1319      0.0517679
 1320      0.0517278
 1321      0.0516877
 1322      0.0516477
 1323      0.0516077
 1324      0.0515678
 1325      0.0515279
 1326       0.051488
 1327      0.0514481
 1328      0.0514083
 1329      0.0513685
 1330      0.0513287
 1331       0.051289
 1332      0.0512493
 1333      0.0512096
 1334        0.05117
 1335      0.0511304
 1336      0.0510908
 1337      0.0510512
 1338      0.0510117
 1339      0.0509722
 1340      0.0509328
 1341      0.0508934
 1342       0.050854
 1343      0.0508146
 1344      0.0507753
 1345       0.050736
 1346      0.0506967
 1347      0.0506575
 1348      0.0506183
 1349      0.0505791
 1350        0.05054
 1351      0.0505009
 1352      0.0504618
 1353      0.0504228
 1354      0.0503837
 1355      0.0503448
 1356      0.0503058
 1357      0.0502669
 1358       0.050228
 1359      0.0501891
 1360      0.0501503
 1361      0.0501115
 1362      0.0500727
 1363       0.050034
 1364      0.0499953
 1365      0.0499566
 1366       0.049918
 1367      0.0498793
 1368      0.0498407
 1369      0.0498022
 1370      0.0497637
 1371      0.0497252
 1372      0.0496867
 1373      0.0496483
 1374      0.0496099
 1375      0.0495715
 1376      0.0495331
 1377      0.0494948
 1378      0.0494566
 1379      0.0494183
 1380      0.0493801
 1381      0.0493419
 1382      0.0493037
 1383      0.0492656
 1384      0.0492275
 1385      0.0491894
 1386      0.0491514
 1387      0.0491134
 1388      0.0490754
 1389      0.0490374
 1390      0.0489995
 1391      0.0489616
 1392      0.0489237
 1393      0.0488859
 1394      0.0488481
 1395      0.0488103
 1396      0.0487726
 1397      0.0487349
 1398      0.0486972
 1399      0.0486595
 1400      0.0486219
 1401      0.0485843
 1402      0.0485467
 1403      0.0485092
 1404      0.0484717
 1405      0.0484342
 1406      0.0483968
 1407      0.0483594
 1408       0.048322
 1409      0.0482846
 1410      0.0482473
 1411        0.04821
 1412      0.0481727
 1413      0.0481355
 1414      0.0480982
 1415      0.0480611
 1416      0.0480239
 1417      0.0479868
 1418      0.0479497
 1419      0.0479126
 1420      0.0478756
 1421      0.0478386
 1422      0.0478016
 1423      0.0477646
 1424      0.0477277
 1425      0.0476908
 1426       0.047654
 1427      0.0476171
 1428      0.0475803
 1429      0.0475435
 1430      0.0475068
 1431      0.0474701
 1432      0.0474334
 1433      0.0473967
 1434      0.0473601
 1435      0.0473235
 1436      0.0472869
 1437      0.0472504
 1438      0.0472138
 1439      0.0471774
 1440      0.0471409
 1441      0.0471045
 1442      0.0470681
 1443      0.0470317
 1444      0.0469953
 1445       0.046959
 1446      0.0469227
 1447      0.0468865
 1448      0.0468502
 1449       0.046814
 1450      0.0467778
 1451      0.0467417
 1452      0.0467056
 1453      0.0466695
 1454      0.0466334
 1455      0.0465974
 1456      0.0465614
 1457      0.0465254
 1458      0.0464895
 1459      0.0464535
 1460      0.0464176
 1461      0.0463818
 1462      0.0463459
 1463      0.0463101
 1464      0.0462743
 1465      0.0462386
 1466      0.0462029
 1467      0.0461672
 1468      0.0461315
 1469      0.0460959
 1470      0.0460602
 1471      0.0460247
 1472      0.0459891
 1473      0.0459536
 1474      0.0459181
 1475      0.0458826
 1476      0.0458471
 1477      0.0458117
 1478      0.0457763
 1479       0.045741
 1480      0.0457056
 1481      0.0456703
 1482       0.045635
 1483      0.0455998
 1484      0.0455646
 1485      0.0455294
 1486      0.0454942
 1487       0.045459
 1488      0.0454239
 1489      0.0453888
 1490      0.0453538
 1491      0.0453187
 1492      0.0452837
 1493      0.0452488
 1494      0.0452138
 1495      0.0451789
 1496       0.045144
 1497      0.0451091
 1498      0.0450743
 1499      0.0450395
 1500      0.0450047
 1501      0.0449699
 1502      0.0449352
 1503      0.0449005
 1504      0.0448658
 1505      0.0448311
 1506      0.0447965
 1507      0.0447619
 1508      0.0447273
 1509      0.0446928
 1510      0.0446583
 1511      0.0446238
 1512      0.0445893
 1513      0.0445549
 1514      0.0445205
 1515      0.0444861
 1516      0.0444517
 1517      0.0444174
 1518      0.0443831
 1519      0.0443488
 1520      0.0443146
 1521      0.0442804
 1522      0.0442462
 1523       0.044212
 1524      0.0441779
 1525      0.0441437
 1526      0.0441096
 1527      0.0440756
 1528      0.0440415
 1529      0.0440075
 1530      0.0439736
 1531      0.0439396
 1532      0.0439057
 1533      0.0438718
 1534      0.0438379
 1535       0.043804
 1536      0.0437702
 1537      0.0437364
 1538      0.0437026
 1539      0.0436689
 1540      0.0436352
 1541      0.0436015
 1542      0.0435678
 1543      0.0435342
 1544      0.0435006
 1545       0.043467
 1546      0.0434334
 1547      0.0433999
 1548      0.0433664
 1549      0.0433329
 1550      0.0432994
 1551       0.043266
 1552      0.0432326
 1553      0.0431992
 1554      0.0431659
 1555      0.0431325
 1556      0.0430992
 1557       0.043066
 1558      0.0430327
 1559      0.0429995
 1560      0.0429663
 1561      0.0429331
 1562         0.0429
 1563      0.0428668
 1564      0.0428338
 1565      0.0428007
 1566      0.0427676
 1567      0.0427346
 1568      0.0427016
 1569      0.0426687
 1570      0.0426357
 1571      0.0426028
 1572      0.0425699
 1573      0.0425371
 1574      0.0425042
 1575      0.0424714
 1576      0.0424386
 1577      0.0424059
 1578      0.0423731
 1579      0.0423404
 1580      0.0423077
 1581      0.0422751
 1582      0.0422424
 1583      0.0422098
 1584      0.0421772
 1585      0.0421447
 1586      0.0421122
 1587      0.0420796
 1588      0.0420472
 1589      0.0420147
 1590      0.0419823
 1591      0.0419499
 1592      0.0419175
 1593      0.0418851
 1594      0.0418528
 1595      0.0418205
 1596      0.0417882
 1597       0.041756
 1598      0.0417237
 1599      0.0416915
 1600      0.0416593
 1601      0.0416272
 1602      0.0415951
 1603       0.041563
 1604      0.0415309
 1605      0.0414988
 1606      0.0414668
 1607      0.0414348
 1608      0.0414028
 1609      0.0413708
 1610      0.0413389
 1611       0.041307
 1612      0.0412751
 1613      0.0412433
 1614      0.0412114
 1615      0.0411796
 1616      0.0411479
 1617      0.0411161
 1618      0.0410844
 1619      0.0410527
 1620       0.041021
 1621      0.0409893
 1622      0.0409577
 1623      0.0409261
 1624      0.0408945
 1625      0.0408629
 1626      0.0408314
 1627      0.0407999
 1628      0.0407684
 1629      0.0407369
 1630      0.0407055
 1631      0.0406741
 1632      0.0406427
 1633      0.0406113
 1634        0.04058
 1635      0.0405487
 1636      0.0405174
 1637      0.0404861
 1638      0.0404549
 1639      0.0404236
 1640      0.0403924
 1641      0.0403613
 1642      0.0403301
 1643       0.040299
 1644      0.0402679
 1645      0.0402368
 1646      0.0402058
 1647      0.0401747
 1648      0.0401437
 1649      0.0401128
 1650      0.0400818
 1651      0.0400509
 1652        0.04002
 1653      0.0399891
 1654      0.0399582
 1655      0.0399274
 1656      0.0398966
 1657      0.0398658
 1658       0.039835
 1659      0.0398043
 1660      0.0397736
 1661      0.0397429
 1662      0.0397122
 1663      0.0396816
 1664       0.039651
 1665      0.0396204
 1666      0.0395898
 1667      0.0395592
 1668      0.0395287
 1669      0.0394982
 1670      0.0394677
 1671      0.0394373
 1672      0.0394069
 1673      0.0393765
 1674      0.0393461
 1675      0.0393157
 1676      0.0392854
 1677      0.0392551
 1678      0.0392248
 1679      0.0391945
 1680      0.0391643
 1681       0.039134
 1682      0.0391039
 1683      0.0390737
 1684      0.0390435
 1685      0.0390134
 1686      0.0389833
 1687      0.0389532
 1688      0.0389232
 1689      0.0388931
 1690      0.0388631
 1691      0.0388331
 1692      0.0388032
 1693      0.0387732
 1694      0.0387433
 1695      0.0387134
 1696      0.0386836
 1697      0.0386537
 1698      0.0386239
 1699      0.0385941
 1700      0.0385643
 1701      0.0385346
 1702      0.0385048
 1703      0.0384751
 1704      0.0384455
 1705      0.0384158
 1706      0.0383862
 1707      0.0383565
 1708      0.0383269
 1709      0.0382974
 1710      0.0382678
 1711      0.0382383
 1712      0.0382088
 1713      0.0381793
 1714      0.0381499
 1715      0.0381204
 1716       0.038091
 1717      0.0380616
 1718      0.0380323
 1719      0.0380029
 1720      0.0379736
 1721      0.0379443
 1722      0.0379151
 1723      0.0378858
 1724      0.0378566
 1725      0.0378274
 1726      0.0377982
 1727       0.037769
 1728      0.0377399
 1729      0.0377108
 1730      0.0376817
 1731      0.0376526
 1732      0.0376236
 1733      0.0375945
 1734      0.0375655
 1735      0.0375366
 1736      0.0375076
 1737      0.0374787
 1738      0.0374498
 1739      0.0374209
 1740       0.037392
 1741      0.0373631
 1742      0.0373343
 1743      0.0373055
 1744      0.0372767
 1745       0.037248
 1746      0.0372193
 1747      0.0371905
 1748      0.0371619
 1749      0.0371332
 1750      0.0371045
 1751      0.0370759
 1752      0.0370473
 1753      0.0370187
 1754      0.0369902
 1755      0.0369616
 1756      0.0369331
 1757      0.0369046
 1758      0.0368762
 1759      0.0368477
 1760      0.0368193
 1761      0.0367909
 1762      0.0367625
 1763      0.0367342
 1764      0.0367058
 1765      0.0366775
 1766      0.0366492
 1767       0.036621
 1768      0.0365927
 1769      0.0365645
 1770      0.0365363
 1771      0.0365081
 1772      0.0364799
 1773      0.0364518
 1774      0.0364237
 1775      0.0363956
 1776      0.0363675
 1777      0.0363395
 1778      0.0363114
 1779      0.0362834
 1780      0.0362554
 1781      0.0362275
 1782      0.0361995
 1783      0.0361716
 1784      0.0361437
 1785      0.0361158
 1786       0.036088
 1787      0.0360601
 1788      0.0360323
 1789      0.0360045
 1790      0.0359767
 1791       0.035949
 1792      0.0359213
 1793      0.0358936
 1794      0.0358659
 1795      0.0358382
 1796      0.0358106
 1797      0.0357829
 1798      0.0357553
 1799      0.0357278
 1800      0.0357002
 1801      0.0356727
 1802      0.0356451
 1803      0.0356177
 1804      0.0355902
 1805      0.0355627
 1806      0.0355353
 1807      0.0355079
 1808      0.0354805
 1809      0.0354531
 1810      0.0354258
 1811      0.0353985
 1812      0.0353712
 1813      0.0353439
 1814      0.0353166
 1815      0.0352894
 1816      0.0352622
 1817       0.035235
 1818      0.0352078
 1819      0.0351806
 1820      0.0351535
 1821      0.0351264
 1822      0.0350993
 1823      0.0350722
 1824      0.0350452
 1825      0.0350181
 1826      0.0349911
 1827      0.0349641
 1828      0.0349372
 1829      0.0349102
 1830      0.0348833
 1831      0.0348564
 1832      0.0348295
 1833      0.0348027
 1834      0.0347758
 1835       0.034749
 1836      0.0347222
 1837      0.0346954
 1838      0.0346687
 1839      0.0346419
 1840      0.0346152
 1841      0.0345885
 1842      0.0345618
 1843      0.0345352
 1844      0.0345085
 1845      0.0344819
 1846      0.0344553
 1847      0.0344288
 1848      0.0344022
 1849      0.0343757
 1850      0.0343492
 1851      0.0343227
 1852      0.0342962
 1853      0.0342697
 1854      0.0342433
 1855      0.0342169
 1856      0.0341905
 1857      0.0341641
 1858      0.0341378
 1859      0.0341115
 1860      0.0340852
 1861      0.0340589
 1862      0.0340326
 1863      0.0340064
 1864      0.0339801
 1865      0.0339539
 1866      0.0339277
 1867      0.0339016
 1868      0.0338754
 1869      0.0338493
 1870      0.0338232
 1871      0.0337971
 1872       0.033771
 1873       0.033745
 1874       0.033719
 1875       0.033693
 1876       0.033667
 1877       0.033641
 1878      0.0336151
 1879      0.0335892
 1880      0.0335632
 1881      0.0335374
 1882      0.0335115
 1883      0.0334857
 1884      0.0334598
 1885       0.033434
 1886      0.0334082
 1887      0.0333825
 1888      0.0333567
 1889       0.033331
 1890      0.0333053
 1891      0.0332796
 1892       0.033254
 1893      0.0332283
 1894      0.0332027
 1895      0.0331771
 1896      0.0331515
 1897      0.0331259
 1898      0.0331004
 1899      0.0330749
 1900      0.0330493
 1901      0.0330239
 1902      0.0329984
 1903      0.0329729
 1904      0.0329475
 1905      0.0329221
 1906      0.0328967
 1907      0.0328713
 1908       0.032846
 1909      0.0328207
 1910      0.0327954
 1911      0.0327701
 1912      0.0327448
 1913      0.0327195
 1914      0.0326943
 1915      0.0326691
 1916      0.0326439
 1917      0.0326187
 1918      0.0325936
 1919      0.0325684
 1920      0.0325433
 1921      0.0325182
 1922      0.0324931
 1923      0.0324681
 1924      0.0324431
 1925       0.032418
 1926       0.032393
 1927      0.0323681
 1928      0.0323431
 1929      0.0323182
 1930      0.0322932
 1931      0.0322683
 1932      0.0322434
 1933      0.0322186
 1934      0.0321937
 1935      0.0321689
 1936      0.0321441
 1937      0.0321193
 1938      0.0320945
 1939      0.0320698
 1940      0.0320451
 1941      0.0320203
 1942      0.0319957
 1943       0.031971
 1944      0.0319463
 1945      0.0319217
 1946      0.0318971
 1947      0.0318725
 1948      0.0318479
 1949      0.0318233
 1950      0.0317988
 1951      0.0317743
 1952      0.0317498
 1953      0.0317253
 1954      0.0317008
 1955      0.0316764
 1956       0.031652
 1957      0.0316276
 1958      0.0316032
 1959      0.0315788
 1960      0.0315544
 1961      0.0315301
 1962      0.0315058
 1963      0.0314815
 1964      0.0314572
 1965       0.031433
 1966      0.0314087
 1967      0.0313845
 1968      0.0313603
 1969      0.0313361
 1970       0.031312
 1971      0.0312878
 1972      0.0312637
 1973      0.0312396
 1974      0.0312155
 1975      0.0311914
 1976      0.0311674
 1977      0.0311433
 1978      0.0311193
 1979      0.0310953
 1980      0.0310713
 1981      0.0310474
 1982      0.0310234
 1983      0.0309995
 1984      0.0309756
 1985      0.0309517
 1986      0.0309279
 1987       0.030904
 1988      0.0308802
 1989      0.0308564
 1990      0.0308326
 1991      0.0308088
 1992       0.030785
 1993      0.0307613
 1994      0.0307376
 1995      0.0307139
 1996      0.0306902
 1997      0.0306665
 1998      0.0306429
 1999      0.0306193
 2000      0.0305956
 2001      0.0305721
 2002      0.0305485
 2003      0.0305249
 2004      0.0305014
 2005      0.0304779
 2006      0.0304544
 2007      0.0304309
 2008      0.0304074
 2009       0.030384
 2010      0.0303605
 2011      0.0303371
 2012      0.0303137
 2013      0.0302904
 2014       0.030267
 2015      0.0302437
 2016      0.0302203
 2017       0.030197
 2018      0.0301738
 2019      0.0301505
 2020      0.0301272
 2021       0.030104
 2022      0.0300808
 2023      0.0300576
 2024      0.0300344
 2025      0.0300113
 2026      0.0299881
 2027       0.029965
 2028      0.0299419
 2029      0.0299188
 2030      0.0298957
 2031      0.0298727
 2032      0.0298496
 2033      0.0298266
 2034      0.0298036
 2035      0.0297807
 2036      0.0297577
 2037      0.0297347
 2038      0.0297118
 2039      0.0296889
 2040       0.029666
 2041      0.0296431
 2042      0.0296203
 2043      0.0295974
 2044      0.0295746
 2045      0.0295518
 2046       0.029529
 2047      0.0295063
 2048      0.0294835
 2049      0.0294608
 2050      0.0294381
 2051      0.0294154
 2052      0.0293927
 2053        0.02937
 2054      0.0293474
 2055      0.0293247
 2056      0.0293021
 2057      0.0292795
 2058       0.029257
 2059      0.0292344
 2060      0.0292119
 2061      0.0291893
 2062      0.0291668
 2063      0.0291443
 2064      0.0291219
 2065      0.0290994
 2066       0.029077
 2067      0.0290545
 2068      0.0290321
 2069      0.0290098
 2070      0.0289874
 2071       0.028965
 2072      0.0289427
 2073      0.0289204
 2074      0.0288981
 2075      0.0288758
 2076      0.0288535
 2077      0.0288313
 2078      0.0288091
 2079      0.0287869
 2080      0.0287647
 2081      0.0287425
 2082      0.0287203
 2083      0.0286982
 2084       0.028676
 2085      0.0286539
 2086      0.0286318
 2087      0.0286098
 2088      0.0285877
 2089      0.0285657
 2090      0.0285436
 2091      0.0285216
 2092      0.0284996
 2093      0.0284777
 2094      0.0284557
 2095      0.0284338
 2096      0.0284118
 2097      0.0283899
 2098       0.028368
 2099      0.0283462
 2100      0.0283243
 2101      0.0283025
 2102      0.0282806
 2103      0.0282588
 2104       0.028237
 2105      0.0282153
 2106      0.0281935
 2107      0.0281718
 2108      0.0281501
 2109      0.0281284
 2110      0.0281067
 2111       0.028085
 2112      0.0280633
 2113      0.0280417
 2114      0.0280201
 2115      0.0279985
 2116      0.0279769
 2117      0.0279553
 2118      0.0279338
 2119      0.0279122
 2120      0.0278907
 2121      0.0278692
 2122      0.0278477
 2123      0.0278262
 2124      0.0278048
 2125      0.0277833
 2126      0.0277619
 2127      0.0277405
 2128      0.0277191
 2129      0.0276978
 2130      0.0276764
 2131      0.0276551
 2132      0.0276337
 2133      0.0276124
 2134      0.0275911
 2135      0.0275699
 2136      0.0275486
 2137      0.0275274
 2138      0.0275061
 2139      0.0274849
 2140      0.0274637
 2141      0.0274426
 2142      0.0274214
 2143      0.0274003
 2144      0.0273791
 2145       0.027358
 2146      0.0273369
 2147      0.0273159
 2148      0.0272948
 2149      0.0272737
 2150      0.0272527
 2151      0.0272317
 2152      0.0272107
 2153      0.0271897
 2154      0.0271688
 2155      0.0271478
 2156      0.0271269
 2157       0.027106
 2158      0.0270851
 2159      0.0270642
 2160      0.0270433
 2161      0.0270225
 2162      0.0270016
 2163      0.0269808
 2164        0.02696
 2165      0.0269392
 2166      0.0269185
 2167      0.0268977
 2168       0.026877
 2169      0.0268562
 2170      0.0268355
 2171      0.0268148
 2172      0.0267942
 2173      0.0267735
 2174      0.0267529
 2175      0.0267322
 2176      0.0267116
 2177       0.026691
 2178      0.0266704
 2179      0.0266499
 2180      0.0266293
 2181      0.0266088
 2182      0.0265883
 2183      0.0265678
 2184      0.0265473
 2185      0.0265268
 2186      0.0265064
 2187      0.0264859
 2188      0.0264655
 2189      0.0264451
 2190      0.0264247
 2191      0.0264044
 2192       0.026384
 2193      0.0263637
 2194      0.0263433
 2195       0.026323
 2196      0.0263027
 2197      0.0262824
 2198      0.0262622
 2199      0.0262419
 2200      0.0262217
 2201      0.0262015
 2202      0.0261813
 2203      0.0261611
 2204      0.0261409
 2205      0.0261208
 2206      0.0261006
 2207      0.0260805
 2208      0.0260604
 2209      0.0260403
 2210      0.0260202
 2211      0.0260002
 2212      0.0259801
 2213      0.0259601
 2214      0.0259401
 2215      0.0259201
 2216      0.0259001
 2217      0.0258801
 2218      0.0258602
 2219      0.0258402
 2220      0.0258203
 2221      0.0258004
 2222      0.0257805
 2223      0.0257606
 2224      0.0257408
 2225      0.0257209
 2226      0.0257011
 2227      0.0256813
 2228      0.0256615
 2229      0.0256417
 2230      0.0256219
 2231      0.0256022
 2232      0.0255824
 2233      0.0255627
 2234       0.025543
 2235      0.0255233
 2236      0.0255036
 2237      0.0254839
 2238      0.0254643
 2239      0.0254447
 2240       0.025425
 2241      0.0254054
 2242      0.0253859
 2243      0.0253663
 2244      0.0253467
 2245      0.0253272
 2246      0.0253076
 2247      0.0252881
 2248      0.0252686
 2249      0.0252492
 2250      0.0252297
 2251      0.0252102
 2252      0.0251908
 2253      0.0251714
 2254       0.025152
 2255      0.0251326
 2256      0.0251132
 2257      0.0250938
 2258      0.0250745
 2259      0.0250552
 2260      0.0250358
 2261      0.0250165
 2262      0.0249973
 2263       0.024978
 2264      0.0249587
 2265      0.0249395
 2266      0.0249202
 2267       0.024901
 2268      0.0248818
 2269      0.0248627
 2270      0.0248435
 2271      0.0248243
 2272      0.0248052
 2273      0.0247861
 2274       0.024767
 2275      0.0247479
 2276      0.0247288
 2277      0.0247097
 2278      0.0246907
 2279      0.0246716
 2280      0.0246526
 2281      0.0246336
 2282      0.0246146
 2283      0.0245956
 2284      0.0245767
 2285      0.0245577
 2286      0.0245388
 2287      0.0245199
 2288       0.024501
 2289      0.0244821
 2290      0.0244632
 2291      0.0244443
 2292      0.0244255
 2293      0.0244066
 2294      0.0243878
 2295       0.024369
 2296      0.0243502
 2297      0.0243315
 2298      0.0243127
 2299       0.024294
 2300      0.0242752
 2301      0.0242565
 2302      0.0242378
 2303      0.0242191
 2304      0.0242005
 2305      0.0241818
 2306      0.0241631
 2307      0.0241445
 2308      0.0241259
 2309      0.0241073
 2310      0.0240887
 2311      0.0240701
 2312      0.0240516
 2313       0.024033
 2314      0.0240145
 2315       0.023996
 2316      0.0239775
 2317       0.023959
 2318      0.0239405
 2319      0.0239221
 2320      0.0239036
 2321      0.0238852
 2322      0.0238668
 2323      0.0238484
 2324        0.02383
 2325      0.0238116
 2326      0.0237933
 2327      0.0237749
 2328      0.0237566
 2329      0.0237383
 2330        0.02372
 2331      0.0237017
 2332      0.0236834
 2333      0.0236652
 2334      0.0236469
 2335      0.0236287
 2336      0.0236105
 2337      0.0235923
 2338      0.0235741
 2339      0.0235559
 2340      0.0235377
 2341      0.0235196
 2342      0.0235015
 2343      0.0234833
 2344      0.0234652
 2345      0.0234471
 2346      0.0234291
 2347       0.023411
 2348      0.0233929
 2349      0.0233749
 2350      0.0233569
 2351      0.0233389
 2352      0.0233209
 2353      0.0233029
 2354      0.0232849
 2355       0.023267
 2356       0.023249
 2357      0.0232311
 2358      0.0232132
 2359      0.0231953
 2360      0.0231774
 2361      0.0231596
 2362      0.0231417
 2363      0.0231239
 2364       0.023106
 2365      0.0230882
 2366      0.0230704
 2367      0.0230526
 2368      0.0230349
 2369      0.0230171
 2370      0.0229994
 2371      0.0229816
 2372      0.0229639
 2373      0.0229462
 2374      0.0229285
 2375      0.0229108
 2376      0.0228932
 2377      0.0228755
 2378      0.0228579
 2379      0.0228403
 2380      0.0228226
 2381       0.022805
 2382      0.0227875
 2383      0.0227699
 2384      0.0227523
 2385      0.0227348
 2386      0.0227173
 2387      0.0226998
 2388      0.0226823
 2389      0.0226648
 2390      0.0226473
 2391      0.0226298
 2392      0.0226124
 2393       0.022595
 2394      0.0225775
 2395      0.0225601
 2396      0.0225427
 2397      0.0225254
 2398       0.022508
 2399      0.0224906
 2400      0.0224733
 2401       0.022456
 2402      0.0224387
 2403      0.0224214
 2404      0.0224041
 2405      0.0223868
 2406      0.0223695
 2407      0.0223523
 2408      0.0223351
 2409      0.0223178
 2410      0.0223006
 2411      0.0222834
 2412      0.0222663
 2413      0.0222491
 2414      0.0222319
 2415      0.0222148
 2416      0.0221977
 2417      0.0221805
 2418      0.0221634
 2419      0.0221464
 2420      0.0221293
 2421      0.0221122
 2422      0.0220952
 2423      0.0220781
 2424      0.0220611
 2425      0.0220441
 2426      0.0220271
 2427      0.0220101
 2428      0.0219932
 2429      0.0219762
 2430      0.0219593
 2431      0.0219423
 2432      0.0219254
 2433      0.0219085
 2434      0.0218916
 2435      0.0218747
 2436      0.0218579
 2437       0.021841
 2438      0.0218242
 2439      0.0218074
 2440      0.0217905
 2441      0.0217737
 2442       0.021757
 2443      0.0217402
 2444      0.0217234
 2445      0.0217067
 2446      0.0216899
 2447      0.0216732
 2448      0.0216565
 2449      0.0216398
 2450      0.0216231
 2451      0.0216065
 2452      0.0215898
 2453      0.0215732
 2454      0.0215565
 2455      0.0215399
 2456      0.0215233
 2457      0.0215067
 2458      0.0214901
 2459      0.0214736
 2460       0.021457
 2461      0.0214405
 2462      0.0214239
 2463      0.0214074
 2464      0.0213909
 2465      0.0213744
 2466      0.0213579
 2467      0.0213415
 2468       0.021325
 2469      0.0213086
 2470      0.0212921
 2471      0.0212757
 2472      0.0212593
 2473      0.0212429
 2474      0.0212266
 2475      0.0212102
 2476      0.0211938
 2477      0.0211775
 2478      0.0211612
 2479      0.0211449
 2480      0.0211285
 2481      0.0211123
 2482       0.021096
 2483      0.0210797
 2484      0.0210635
 2485      0.0210472
 2486       0.021031
 2487      0.0210148
 2488      0.0209986
 2489      0.0209824
 2490      0.0209662
 2491      0.0209501
 2492      0.0209339
 2493      0.0209178
 2494      0.0209016
 2495      0.0208855
 2496      0.0208694
 2497      0.0208533
 2498      0.0208372
 2499      0.0208212
 2500      0.0208051
 2501      0.0207891
 2502      0.0207731
 2503       0.020757
 2504       0.020741
 2505      0.0207251
 2506      0.0207091
 2507      0.0206931
 2508      0.0206772
 2509      0.0206612
 2510      0.0206453
 2511      0.0206294
 2512      0.0206135
 2513      0.0205976
 2514      0.0205817
 2515      0.0205658
 2516        0.02055
 2517      0.0205341
 2518      0.0205183
 2519      0.0205025
 2520      0.0204867
 2521      0.0204709
 2522      0.0204551
 2523      0.0204393
 2524      0.0204236
 2525      0.0204078
 2526      0.0203921
 2527      0.0203764
 2528      0.0203606
 2529      0.0203449
 2530      0.0203293
 2531      0.0203136
 2532      0.0202979
 2533      0.0202823
 2534      0.0202666
 2535       0.020251
 2536      0.0202354
 2537      0.0202198
 2538      0.0202042
 2539      0.0201886
 2540      0.0201731
 2541      0.0201575
 2542       0.020142
 2543      0.0201265
 2544      0.0201109
 2545      0.0200954
 2546      0.0200799
 2547      0.0200645
 2548       0.020049
 2549      0.0200335
 2550      0.0200181
 2551      0.0200026
 2552      0.0199872
 2553      0.0199718
 2554      0.0199564
 2555       0.019941
 2556      0.0199257
 2557      0.0199103
 2558      0.0198949
 2559      0.0198796
 2560      0.0198643
 2561       0.019849
 2562      0.0198337
 2563      0.0198184
 2564      0.0198031
 2565      0.0197878
 2566      0.0197726
 2567      0.0197573
 2568      0.0197421
 2569      0.0197269
 2570      0.0197117
 2571      0.0196965
 2572      0.0196813
 2573      0.0196661
 2574      0.0196509
 2575      0.0196358
 2576      0.0196207
 2577      0.0196055
 2578      0.0195904
 2579      0.0195753
 2580      0.0195602
 2581      0.0195451
 2582      0.0195301
 2583       0.019515
 2584         0.0195
 2585      0.0194849
 2586      0.0194699
 2587      0.0194549
 2588      0.0194399
 2589      0.0194249
 2590      0.0194099
 2591       0.019395
 2592        0.01938
 2593      0.0193651
 2594      0.0193501
 2595      0.0193352
 2596      0.0193203
 2597      0.0193054
 2598      0.0192905
 2599      0.0192757
 2600      0.0192608
 2601       0.019246
 2602      0.0192311
 2603      0.0192163
 2604      0.0192015
 2605      0.0191867
 2606      0.0191719
 2607      0.0191571
 2608      0.0191423
 2609      0.0191276
 2610      0.0191128
 2611      0.0190981
 2612      0.0190834
 2613      0.0190687
 2614       0.019054
 2615      0.0190393
 2616      0.0190246
 2617      0.0190099
 2618      0.0189953
 2619      0.0189806
 2620       0.018966
 2621      0.0189514
 2622      0.0189368
 2623      0.0189222
 2624      0.0189076
 2625       0.018893
 2626      0.0188784
 2627      0.0188639
 2628      0.0188493
 2629      0.0188348
 2630      0.0188203
 2631      0.0188058
 2632      0.0187913
 2633      0.0187768
 2634      0.0187623
 2635      0.0187478
 2636      0.0187334
 2637      0.0187189
 2638      0.0187045
 2639      0.0186901
 2640      0.0186757
 2641      0.0186613
 2642      0.0186469
 2643      0.0186325
 2644      0.0186181
 2645      0.0186038
 2646      0.0185894
 2647      0.0185751
 2648      0.0185608
 2649      0.0185465
 2650      0.0185322
 2651      0.0185179
 2652      0.0185036
 2653      0.0184894
 2654      0.0184751
 2655      0.0184609
 2656      0.0184466
 2657      0.0184324
 2658      0.0184182
 2659       0.018404
 2660      0.0183898
 2661      0.0183756
 2662      0.0183615
 2663      0.0183473
 2664      0.0183332
 2665       0.018319
 2666      0.0183049
 2667      0.0182908
 2668      0.0182767
 2669      0.0182626
 2670      0.0182485
 2671      0.0182344
 2672      0.0182204
 2673      0.0182063
 2674      0.0181923
 2675      0.0181783
 2676      0.0181643
 2677      0.0181503
 2678      0.0181363
 2679      0.0181223
 2680      0.0181083
 2681      0.0180943
 2682      0.0180804
 2683      0.0180665
 2684      0.0180525
 2685      0.0180386
 2686      0.0180247
 2687      0.0180108
 2688      0.0179969
 2689       0.017983
 2690      0.0179692
 2691      0.0179553
 2692      0.0179415
 2693      0.0179277
 2694      0.0179138
 2695         0.0179
 2696      0.0178862
 2697      0.0178724
 2698      0.0178587
 2699      0.0178449
 2700      0.0178311
 2701      0.0178174
 2702      0.0178036
 2703      0.0177899
 2704      0.0177762
 2705      0.0177625
 2706      0.0177488
 2707      0.0177351
 2708      0.0177214
 2709      0.0177078
 2710      0.0176941
 2711      0.0176805
 2712      0.0176669
 2713      0.0176532
 2714      0.0176396
 2715       0.017626
 2716      0.0176124
 2717      0.0175989
 2718      0.0175853
 2719      0.0175717
 2720      0.0175582
 2721      0.0175446
 2722      0.0175311
 2723      0.0175176
 2724      0.0175041
 2725      0.0174906
 2726      0.0174771
 2727      0.0174636
 2728      0.0174502
 2729      0.0174367
 2730      0.0174233
 2731      0.0174099
 2732      0.0173964
 2733       0.017383
 2734      0.0173696
 2735      0.0173562
 2736      0.0173428
 2737      0.0173295
 2738      0.0173161
 2739      0.0173028
 2740      0.0172894
 2741      0.0172761
 2742      0.0172628
 2743      0.0172495
 2744      0.0172362
 2745      0.0172229
 2746      0.0172096
 2747      0.0171963
 2748      0.0171831
 2749      0.0171698
 2750      0.0171566
 2751      0.0171434
 2752      0.0171301
 2753      0.0171169
 2754      0.0171037
 2755      0.0170906
 2756      0.0170774
 2757      0.0170642
 2758      0.0170511
 2759      0.0170379
 2760      0.0170248
 2761      0.0170117
 2762      0.0169985
 2763      0.0169854
 2764      0.0169723
 2765      0.0169592
 2766      0.0169462
 2767      0.0169331
 2768      0.0169201
 2769       0.016907
 2770       0.016894
 2771      0.0168809
 2772      0.0168679
 2773      0.0168549
 2774      0.0168419
 2775       0.016829
 2776       0.016816
 2777       0.016803
 2778      0.0167901
 2779      0.0167771
 2780      0.0167642
 2781      0.0167513
 2782      0.0167383
 2783      0.0167254
 2784      0.0167125
 2785      0.0166997
 2786      0.0166868
 2787      0.0166739
 2788      0.0166611
 2789      0.0166482
 2790      0.0166354
 2791      0.0166226
 2792      0.0166097
 2793      0.0165969
 2794      0.0165841
 2795      0.0165714
 2796      0.0165586
 2797      0.0165458
 2798      0.0165331
 2799      0.0165203
 2800      0.0165076
 2801      0.0164948
 2802      0.0164821
 2803      0.0164694
 2804      0.0164567
 2805       0.016444
 2806      0.0164314
 2807      0.0164187
 2808       0.016406
 2809      0.0163934
 2810      0.0163807
 2811      0.0163681
 2812      0.0163555
 2813      0.0163429
 2814      0.0163303
 2815      0.0163177
 2816      0.0163051
 2817      0.0162925
 2818        0.01628
 2819      0.0162674
 2820      0.0162549
 2821      0.0162424
 2822      0.0162298
 2823      0.0162173
 2824      0.0162048
 2825      0.0161923
 2826      0.0161798
 2827      0.0161674
 2828      0.0161549
 2829      0.0161424
 2830        0.01613
 2831      0.0161176
 2832      0.0161051
 2833      0.0160927
 2834      0.0160803
 2835      0.0160679
 2836      0.0160555
 2837      0.0160432
 2838      0.0160308
 2839      0.0160184
 2840      0.0160061
 2841      0.0159937
 2842      0.0159814
 2843      0.0159691
 2844      0.0159568
 2845      0.0159445
 2846      0.0159322
 2847      0.0159199
 2848      0.0159076
 2849      0.0158954
 2850      0.0158831
 2851      0.0158709
 2852      0.0158586
 2853      0.0158464
 2854      0.0158342
 2855       0.015822
 2856      0.0158098
 2857      0.0157976
 2858      0.0157854
 2859      0.0157732
 2860      0.0157611
 2861      0.0157489
 2862      0.0157368
 2863      0.0157246
 2864      0.0157125
 2865      0.0157004
 2866      0.0156883
 2867      0.0156762
 2868      0.0156641
 2869       0.015652
 2870        0.01564
 2871      0.0156279
 2872      0.0156159
 2873      0.0156038
 2874      0.0155918
 2875      0.0155798
 2876      0.0155678
 2877      0.0155558
 2878      0.0155438
 2879      0.0155318
 2880      0.0155198
 2881      0.0155079
 2882      0.0154959
 2883       0.015484
 2884       0.015472
 2885      0.0154601
 2886      0.0154482
 2887      0.0154363
 2888      0.0154244
 2889      0.0154125
 2890      0.0154006
 2891      0.0153887
 2892      0.0153768
 2893       0.015365
 2894      0.0153531
 2895      0.0153413
 2896      0.0153295
 2897      0.0153177
 2898      0.0153059
 2899      0.0152941
 2900      0.0152823
 2901      0.0152705
 2902      0.0152587
 2903      0.0152469
 2904      0.0152352
 2905      0.0152234
 2906      0.0152117
 2907         0.0152
 2908      0.0151883
 2909      0.0151765
 2910      0.0151648
 2911      0.0151532
 2912      0.0151415
 2913      0.0151298
 2914      0.0151181
 2915      0.0151065
 2916      0.0150948
 2917      0.0150832
 2918      0.0150716
 2919      0.0150599
 2920      0.0150483
 2921      0.0150367
 2922      0.0150251
 2923      0.0150136
 2924       0.015002
 2925      0.0149904
 2926      0.0149789
 2927      0.0149673
 2928      0.0149558
 2929      0.0149442
 2930      0.0149327
 2931      0.0149212
 2932      0.0149097
 2933      0.0148982
 2934      0.0148867
 2935      0.0148752
 2936      0.0148638
 2937      0.0148523
 2938      0.0148409
 2939      0.0148294
 2940       0.014818
 2941      0.0148066
 2942      0.0147952
 2943      0.0147837
 2944      0.0147723
 2945       0.014761
 2946      0.0147496
 2947      0.0147382
 2948      0.0147268
 2949      0.0147155
 2950      0.0147041
 2951      0.0146928
 2952      0.0146815
 2953      0.0146702
 2954      0.0146589
 2955      0.0146476
 2956      0.0146363
 2957       0.014625
 2958      0.0146137
 2959      0.0146024
 2960      0.0145912
 2961      0.0145799
 2962      0.0145687
 2963      0.0145575
 2964      0.0145462
 2965       0.014535
 2966      0.0145238
 2967      0.0145126
 2968      0.0145014
 2969      0.0144902
 2970      0.0144791
 2971      0.0144679
 2972      0.0144568
 2973      0.0144456
 2974      0.0144345
 2975      0.0144233
 2976      0.0144122
 2977      0.0144011
 2978        0.01439
 2979      0.0143789
 2980      0.0143678
 2981      0.0143568
 2982      0.0143457
 2983      0.0143346
 2984      0.0143236
 2985      0.0143125
 2986      0.0143015
 2987      0.0142905
 2988      0.0142795
 2989      0.0142684
 2990      0.0142574
 2991      0.0142465
 2992      0.0142355
 2993      0.0142245
 2994      0.0142135
 2995      0.0142026
 2996      0.0141916
 2997      0.0141807
 2998      0.0141697
 2999      0.0141588
 3000      0.0141479
 3001       0.014137
 3002      0.0141261
 3003      0.0141152
 3004      0.0141043
 3005      0.0140934
 3006      0.0140826
 3007      0.0140717
 3008      0.0140609
 3009        0.01405
 3010      0.0140392
 3011      0.0140284
 3012      0.0140176
 3013      0.0140068
 3014       0.013996
 3015      0.0139852
 3016      0.0139744
 3017      0.0139636
 3018      0.0139528
 3019      0.0139421
 3020      0.0139313
 3021      0.0139206
 3022      0.0139099
 3023      0.0138991
 3024      0.0138884
 3025      0.0138777
 3026       0.013867
 3027      0.0138563
 3028      0.0138456
 3029       0.013835
 3030      0.0138243
 3031      0.0138137
 3032       0.013803
 3033      0.0137924
 3034      0.0137817
 3035      0.0137711
 3036      0.0137605
 3037      0.0137499
 3038      0.0137393
 3039      0.0137287
 3040      0.0137181
 3041      0.0137075
 3042       0.013697
 3043      0.0136864
 3044      0.0136758
 3045      0.0136653
 3046      0.0136548
 3047      0.0136442
 3048      0.0136337
 3049      0.0136232
 3050      0.0136127
 3051      0.0136022
 3052      0.0135917
 3053      0.0135812
 3054      0.0135708
 3055      0.0135603
 3056      0.0135499
 3057      0.0135394
 3058       0.013529
 3059      0.0135185
 3060      0.0135081
 3061      0.0134977
 3062      0.0134873
 3063      0.0134769
 3064      0.0134665
 3065      0.0134561
 3066      0.0134458
 3067      0.0134354
 3068       0.013425
 3069      0.0134147
 3070      0.0134043
 3071       0.013394
 3072      0.0133837
 3073      0.0133734
 3074       0.013363
 3075      0.0133527
 3076      0.0133424
 3077      0.0133322
 3078      0.0133219
 3079      0.0133116
 3080      0.0133013
 3081      0.0132911
 3082      0.0132808
 3083      0.0132706
 3084      0.0132604
 3085      0.0132502
 3086      0.0132399
 3087      0.0132297
 3088      0.0132195
 3089      0.0132093
 3090      0.0131992
 3091       0.013189
 3092      0.0131788
 3093      0.0131687
 3094      0.0131585
 3095      0.0131484
 3096      0.0131382
 3097      0.0131281
 3098       0.013118
 3099      0.0131079
 3100      0.0130977
 3101      0.0130876
 3102      0.0130776
 3103      0.0130675
 3104      0.0130574
 3105      0.0130473
 3106      0.0130373
 3107      0.0130272
 3108      0.0130172
 3109      0.0130071
 3110      0.0129971
 3111      0.0129871
 3112      0.0129771
 3113      0.0129671
 3114      0.0129571
 3115      0.0129471
 3116      0.0129371
 3117      0.0129271
 3118      0.0129172
 3119      0.0129072
 3120      0.0128973
 3121      0.0128873
 3122      0.0128774
 3123      0.0128675
 3124      0.0128575
 3125      0.0128476
 3126      0.0128377
 3127      0.0128278
 3128      0.0128179
 3129       0.012808
 3130      0.0127982
 3131      0.0127883
 3132      0.0127784
 3133      0.0127686
 3134      0.0127587
 3135      0.0127489
 3136      0.0127391
 3137      0.0127293
 3138      0.0127194
 3139      0.0127096
 3140      0.0126998
 3141      0.0126901
 3142      0.0126803
 3143      0.0126705
 3144      0.0126607
 3145       0.012651
 3146      0.0126412
 3147      0.0126315
 3148      0.0126217
 3149       0.012612
 3150      0.0126023
 3151      0.0125926
 3152      0.0125828
 3153      0.0125731
 3154      0.0125635
 3155      0.0125538
 3156      0.0125441
 3157      0.0125344
 3158      0.0125248
 3159      0.0125151
 3160      0.0125054
 3161      0.0124958
 3162      0.0124862
 3163      0.0124765
 3164      0.0124669
 3165      0.0124573
 3166      0.0124477
 3167      0.0124381
 3168      0.0124285
 3169      0.0124189
 3170      0.0124094
 3171      0.0123998
 3172      0.0123902
 3173      0.0123807
 3174      0.0123711
 3175      0.0123616
 3176      0.0123521
 3177      0.0123426
 3178       0.012333
 3179      0.0123235
 3180       0.012314
 3181      0.0123045
 3182       0.012295
 3183      0.0122856
 3184      0.0122761
 3185      0.0122666
 3186      0.0122572
 3187      0.0122477
 3188      0.0122383
 3189      0.0122288
 3190      0.0122194
 3191        0.01221
 3192      0.0122006
 3193      0.0121912
 3194      0.0121818
 3195      0.0121724
 3196       0.012163
 3197      0.0121536
 3198      0.0121443
 3199      0.0121349
 3200      0.0121255
 3201      0.0121162
 3202      0.0121069
 3203      0.0120975
 3204      0.0120882
 3205      0.0120789
 3206      0.0120696
 3207      0.0120603
 3208       0.012051
 3209      0.0120417
 3210      0.0120324
 3211      0.0120231
 3212      0.0120138
 3213      0.0120046
 3214      0.0119953
 3215      0.0119861
 3216      0.0119768
 3217      0.0119676
 3218      0.0119584
 3219      0.0119491
 3220      0.0119399
 3221      0.0119307
 3222      0.0119215
 3223      0.0119123
 3224      0.0119032
 3225       0.011894
 3226      0.0118848
 3227      0.0118756
 3228      0.0118665
 3229      0.0118573
 3230      0.0118482
 3231      0.0118391
 3232      0.0118299
 3233      0.0118208
 3234      0.0118117
 3235      0.0118026
 3236      0.0117935
 3237      0.0117844
 3238      0.0117753
 3239      0.0117662
 3240      0.0117572
 3241      0.0117481
 3242      0.0117391
 3243        0.01173
 3244       0.011721
 3245      0.0117119
 3246      0.0117029
 3247      0.0116939
 3248      0.0116849
 3249      0.0116758
 3250      0.0116668
 3251      0.0116578
 3252      0.0116489
 3253      0.0116399
 3254      0.0116309
 3255      0.0116219
 3256       0.011613
 3257       0.011604
 3258      0.0115951
 3259      0.0115861
 3260      0.0115772
 3261      0.0115683
 3262      0.0115594
 3263      0.0115505
 3264      0.0115415
 3265      0.0115326
 3266      0.0115238
 3267      0.0115149
 3268       0.011506
 3269      0.0114971
 3270      0.0114883
 3271      0.0114794
 3272      0.0114706
 3273      0.0114617
 3274      0.0114529
 3275       0.011444
 3276      0.0114352
 3277      0.0114264
 3278      0.0114176
 3279      0.0114088
 3280         0.0114
 3281      0.0113912
 3282      0.0113824
 3283      0.0113737
 3284      0.0113649
 3285      0.0113561
 3286      0.0113474
 3287      0.0113386
 3288      0.0113299
 3289      0.0113211
 3290      0.0113124
 3291      0.0113037
 3292       0.011295
 3293      0.0112863
 3294      0.0112776
 3295      0.0112689
 3296      0.0112602
 3297      0.0112515
 3298      0.0112428
 3299      0.0112342
 3300      0.0112255
 3301      0.0112168
 3302      0.0112082
 3303      0.0111996
 3304      0.0111909
 3305      0.0111823
 3306      0.0111737
 3307      0.0111651
 3308      0.0111564
 3309      0.0111478
 3310      0.0111393
 3311      0.0111307
 3312      0.0111221
 3313      0.0111135
 3314      0.0111049
 3315      0.0110964
 3316      0.0110878
 3317      0.0110793
 3318      0.0110707
 3319      0.0110622
 3320      0.0110537
 3321      0.0110451
 3322      0.0110366
 3323      0.0110281
 3324      0.0110196
 3325      0.0110111
 3326      0.0110026
 3327      0.0109942
 3328      0.0109857
 3329      0.0109772
 3330      0.0109687
 3331      0.0109603
 3332      0.0109518
 3333      0.0109434
 3334       0.010935
 3335      0.0109265
 3336      0.0109181
 3337      0.0109097
 3338      0.0109013
 3339      0.0108929
 3340      0.0108845
 3341      0.0108761
 3342      0.0108677
 3343      0.0108593
 3344      0.0108509
 3345      0.0108426
 3346      0.0108342
 3347      0.0108259
 3348      0.0108175
 3349      0.0108092
 3350      0.0108008
 3351      0.0107925
 3352      0.0107842
 3353      0.0107759
 3354      0.0107676
 3355      0.0107593
 3356       0.010751
 3357      0.0107427
 3358      0.0107344
 3359      0.0107261
 3360      0.0107179
 3361      0.0107096
 3362      0.0107013
 3363      0.0106931
 3364      0.0106849
 3365      0.0106766
 3366      0.0106684
 3367      0.0106602
 3368      0.0106519
 3369      0.0106437
 3370      0.0106355
 3371      0.0106273
 3372      0.0106191
 3373      0.0106109
 3374      0.0106028
 3375      0.0105946
 3376      0.0105864
 3377      0.0105783
 3378      0.0105701
 3379       0.010562
 3380      0.0105538
 3381      0.0105457
 3382      0.0105375
 3383      0.0105294
 3384      0.0105213
 3385      0.0105132
 3386      0.0105051
 3387       0.010497
 3388      0.0104889
 3389      0.0104808
 3390      0.0104727
 3391      0.0104647
 3392      0.0104566
 3393      0.0104485
 3394      0.0104405
 3395      0.0104324
 3396      0.0104244
 3397      0.0104163
 3398      0.0104083
 3399      0.0104003
 3400      0.0103923
 3401      0.0103843
 3402      0.0103762
 3403      0.0103682
 3404      0.0103603
 3405      0.0103523
 3406      0.0103443
 3407      0.0103363
 3408      0.0103283
 3409      0.0103204
 3410      0.0103124
 3411      0.0103045
 3412      0.0102965
 3413      0.0102886
 3414      0.0102807
 3415      0.0102727
 3416      0.0102648
 3417      0.0102569
 3418       0.010249
 3419      0.0102411
 3420      0.0102332
 3421      0.0102253
 3422      0.0102174
 3423      0.0102095
 3424      0.0102017
 3425      0.0101938
 3426      0.0101859
 3427      0.0101781
 3428      0.0101702
 3429      0.0101624
 3430      0.0101546
 3431      0.0101467
 3432      0.0101389
 3433      0.0101311
 3434      0.0101233
 3435      0.0101155
 3436      0.0101077
 3437      0.0100999
 3438      0.0100921
 3439      0.0100843
 3440      0.0100766
 3441      0.0100688
 3442       0.010061
 3443      0.0100533
 3444      0.0100455
 3445      0.0100378
 3446        0.01003
 3447      0.0100223
 3448      0.0100146
 3449      0.0100069
 3450     0.00999914
 3451     0.00999143
 3452     0.00998372
 3453     0.00997603
 3454     0.00996834
 3455     0.00996065
 3456     0.00995297
 3457      0.0099453
 3458     0.00993763
 3459     0.00992997
 3460     0.00992231
 3461     0.00991466
 3462     0.00990702
 3463     0.00989938
 3464     0.00989175
 3465     0.00988412
 3466      0.0098765
 3467     0.00986889
 3468     0.00986128
 3469     0.00985368
 3470     0.00984608
 3471     0.00983849
 3472      0.0098309
 3473     0.00982332
 3474     0.00981575
 3475     0.00980818
 3476     0.00980062
 3477     0.00979307
 3478     0.00978552
 3479     0.00977797
 3480     0.00977043
 3481      0.0097629
 3482     0.00975537
 3483     0.00974785
 3484     0.00974034
 3485     0.00973283
 3486     0.00972532
 3487     0.00971783
 3488     0.00971033
 3489     0.00970285
 3490     0.00969537
 3491     0.00968789
 3492     0.00968042
 3493     0.00967296
 3494      0.0096655
 3495     0.00965805
 3496     0.00965061
 3497     0.00964316
 3498     0.00963573
 3499      0.0096283
 3500     0.00962088
 3501     0.00961346
 3502     0.00960605
 3503     0.00959864
 3504     0.00959124
 3505     0.00958385
 3506     0.00957646
 3507     0.00956908
 3508      0.0095617
 3509     0.00955433
 3510     0.00954696
 3511      0.0095396
 3512     0.00953225
 3513      0.0095249
 3514     0.00951755
 3515     0.00951022
 3516     0.00950288
 3517     0.00949556
 3518     0.00948824
 3519     0.00948092
 3520     0.00947361
 3521     0.00946631
 3522     0.00945901
 3523     0.00945172
 3524     0.00944443
 3525     0.00943715
 3526     0.00942987
 3527      0.0094226
 3528     0.00941534
 3529     0.00940808
 3530     0.00940083
 3531     0.00939358
 3532     0.00938634
 3533      0.0093791
 3534     0.00937187
 3535     0.00936465
 3536     0.00935743
 3537     0.00935021
 3538       0.009343
 3539      0.0093358
 3540      0.0093286
 3541     0.00932141
 3542     0.00931422
 3543     0.00930704
 3544     0.00929987
 3545      0.0092927
 3546     0.00928553
 3547     0.00927837
 3548     0.00927122
 3549     0.00926407
 3550     0.00925693
 3551     0.00924979
 3552     0.00924266
 3553     0.00923554
 3554     0.00922842
 3555      0.0092213
 3556     0.00921419
 3557     0.00920709
 3558     0.00919999
 3559      0.0091929
 3560     0.00918581
 3561     0.00917873
 3562     0.00917165
 3563     0.00916458
 3564     0.00915752
 3565     0.00915045
 3566      0.0091434
 3567     0.00913635
 3568     0.00912931
 3569     0.00912227
 3570     0.00911524
 3571     0.00910821
 3572     0.00910119
 3573     0.00909417
 3574     0.00908716
 3575     0.00908015
 3576     0.00907315
 3577     0.00906616
 3578     0.00905917
 3579     0.00905218
 3580      0.0090452
 3581     0.00903823
 3582     0.00903126
 3583      0.0090243
 3584     0.00901734
 3585     0.00901039
 3586     0.00900344
 3587      0.0089965
 3588     0.00898957
 3589     0.00898264
 3590     0.00897571
 3591     0.00896879
 3592     0.00896188
 3593     0.00895497
 3594     0.00894806
 3595     0.00894116
 3596     0.00893427
 3597     0.00892738
 3598      0.0089205
 3599     0.00891362
 3600     0.00890675
 3601     0.00889988
 3602     0.00889302
 3603     0.00888617
 3604     0.00887932
 3605     0.00887247
 3606     0.00886563
 3607     0.00885879
 3608     0.00885196
 3609     0.00884514
 3610     0.00883832
 3611     0.00883151
 3612      0.0088247
 3613     0.00881789
 3614      0.0088111
 3615      0.0088043
 3616     0.00879751
 3617     0.00879073
 3618     0.00878395
 3619     0.00877718
 3620     0.00877042
 3621     0.00876365
 3622      0.0087569
 3623     0.00875015
 3624      0.0087434
 3625     0.00873666
 3626     0.00872992
 3627     0.00872319
 3628     0.00871647
 3629     0.00870975
 3630     0.00870303
 3631     0.00869632
 3632     0.00868962
 3633     0.00868292
 3634     0.00867623
 3635     0.00866954
 3636     0.00866285
 3637     0.00865617
 3638      0.0086495
 3639     0.00864283
 3640     0.00863617
 3641     0.00862951
 3642     0.00862286
 3643     0.00861621
 3644     0.00860957
 3645     0.00860293
 3646      0.0085963
 3647     0.00858967
 3648     0.00858305
 3649     0.00857643
 3650     0.00856982
 3651     0.00856321
 3652     0.00855661
 3653     0.00855001
 3654     0.00854342
 3655     0.00853683
 3656     0.00853025
 3657     0.00852367
 3658      0.0085171
 3659     0.00851054
 3660     0.00850398
 3661     0.00849742
 3662     0.00849087
 3663     0.00848432
 3664     0.00847778
 3665     0.00847124
 3666     0.00846471
 3667     0.00845819
 3668     0.00845167
 3669     0.00844515
 3670     0.00843864
 3671     0.00843213
 3672     0.00842563
 3673     0.00841914
 3674     0.00841265
 3675     0.00840616
 3676     0.00839968
 3677      0.0083932
 3678     0.00838673
 3679     0.00838027
 3680     0.00837381
 3681     0.00836735
 3682      0.0083609
 3683     0.00835445
 3684     0.00834801
 3685     0.00834158
 3686     0.00833515
 3687     0.00832872
 3688      0.0083223
 3689     0.00831588
 3690     0.00830947
 3691     0.00830306
 3692     0.00829666
 3693     0.00829027
 3694     0.00828388
 3695     0.00827749
 3696     0.00827111
 3697     0.00826473
 3698     0.00825836
 3699     0.00825199
 3700     0.00824563
 3701     0.00823927
 3702     0.00823292
 3703     0.00822657
 3704     0.00822023
 3705     0.00821389
 3706     0.00820756
 3707     0.00820123
 3708     0.00819491
 3709     0.00818859
 3710     0.00818228
 3711     0.00817597
 3712     0.00816967
 3713     0.00816337
 3714     0.00815708
 3715     0.00815079
 3716      0.0081445
 3717     0.00813822
 3718     0.00813195
 3719     0.00812568
 3720     0.00811942
 3721     0.00811316
 3722      0.0081069
 3723     0.00810065
 3724      0.0080944
 3725     0.00808816
 3726     0.00808193
 3727      0.0080757
 3728     0.00806947
 3729     0.00806325
 3730     0.00805703
 3731     0.00805082
 3732     0.00804462
 3733     0.00803841
 3734     0.00803222
 3735     0.00802602
 3736     0.00801984
 3737     0.00801365
 3738     0.00800747
 3739      0.0080013
 3740     0.00799513
 3741     0.00798897
 3742     0.00798281
 3743     0.00797665
 3744     0.00797051
 3745     0.00796436
 3746     0.00795822
 3747     0.00795208
 3748     0.00794595
 3749     0.00793983
 3750     0.00793371
 3751     0.00792759
 3752     0.00792148
 3753     0.00791537
 3754     0.00790927
 3755     0.00790317
 3756     0.00789708
 3757     0.00789099
 3758     0.00788491
 3759     0.00787883
 3760     0.00787275
 3761     0.00786668
 3762     0.00786062
 3763     0.00785456
 3764      0.0078485
 3765     0.00784245
 3766      0.0078364
 3767     0.00783036
 3768     0.00782433
 3769     0.00781829
 3770     0.00781227
 3771     0.00780624
 3772     0.00780022
 3773     0.00779421
 3774      0.0077882
 3775      0.0077822
 3776      0.0077762
 3777      0.0077702
 3778     0.00776421
 3779     0.00775823
 3780     0.00775224
 3781     0.00774627
 3782      0.0077403
 3783     0.00773433
 3784     0.00772837
 3785     0.00772241
 3786     0.00771645
 3787      0.0077105
 3788     0.00770456
 3789     0.00769862
 3790     0.00769268
 3791     0.00768675
 3792     0.00768083
 3793     0.00767491
 3794     0.00766899
 3795     0.00766308
 3796     0.00765717
 3797     0.00765127
 3798     0.00764537
 3799     0.00763947
 3800     0.00763358
 3801      0.0076277
 3802     0.00762182
 3803     0.00761594
 3804     0.00761007
 3805      0.0076042
 3806     0.00759834
 3807     0.00759248
 3808     0.00758663
 3809     0.00758078
 3810     0.00757493
 3811     0.00756909
 3812     0.00756326
 3813     0.00755743
 3814      0.0075516
 3815     0.00754578
 3816     0.00753996
 3817     0.00753415
 3818     0.00752834
 3819     0.00752254
 3820     0.00751674
 3821     0.00751094
 3822     0.00750515
 3823     0.00749936
 3824     0.00749358
 3825     0.00748781
 3826     0.00748203
 3827     0.00747626
 3828      0.0074705
 3829     0.00746474
 3830     0.00745899
 3831     0.00745323
 3832     0.00744749
 3833     0.00744175
 3834     0.00743601
 3835     0.00743028
 3836     0.00742455
 3837     0.00741882
 3838      0.0074131
 3839     0.00740739
 3840     0.00740168
 3841     0.00739597
 3842     0.00739027
 3843     0.00738457
 3844     0.00737888
 3845     0.00737319
 3846     0.00736751
 3847     0.00736183
 3848     0.00735615
 3849     0.00735048
 3850     0.00734481
 3851     0.00733915
 3852     0.00733349
 3853     0.00732784
 3854     0.00732219
 3855     0.00731654
 3856      0.0073109
 3857     0.00730527
 3858     0.00729963
 3859     0.00729401
 3860     0.00728838
 3861     0.00728276
 3862     0.00727715
 3863     0.00727154
 3864     0.00726593
 3865     0.00726033
 3866     0.00725473
 3867     0.00724914
 3868     0.00724355
 3869     0.00723797
 3870     0.00723239
 3871     0.00722681
 3872     0.00722124
 3873     0.00721567
 3874     0.00721011
 3875     0.00720455
 3876     0.00719899
 3877     0.00719344
 3878      0.0071879
 3879     0.00718236
 3880     0.00717682
 3881     0.00717129
 3882     0.00716576
 3883     0.00716023
 3884     0.00715471
 3885      0.0071492
 3886     0.00714369
 3887     0.00713818
 3888     0.00713267
 3889     0.00712718
 3890     0.00712168
 3891     0.00711619
 3892      0.0071107
 3893     0.00710522
 3894     0.00709974
 3895     0.00709427
 3896      0.0070888
 3897     0.00708334
 3898     0.00707787
 3899     0.00707242
 3900     0.00706697
 3901     0.00706152
 3902     0.00705607
 3903     0.00705063
 3904      0.0070452
 3905     0.00703977
 3906     0.00703434
 3907     0.00702891
 3908      0.0070235
 3909     0.00701808
 3910     0.00701267
 3911     0.00700726
 3912     0.00700186
 3913     0.00699646
 3914     0.00699107
 3915     0.00698568
 3916     0.00698029
 3917     0.00697491
 3918     0.00696953
 3919     0.00696416
 3920     0.00695879
 3921     0.00695343
 3922     0.00694807
 3923     0.00694271
 3924     0.00693736
 3925     0.00693201
 3926     0.00692666
 3927     0.00692132
 3928     0.00691599
 3929     0.00691066
 3930     0.00690533
 3931         0.0069
 3932     0.00689468
 3933     0.00688937
 3934     0.00688406
 3935     0.00687875
 3936     0.00687345
 3937     0.00686815
 3938     0.00686285
 3939     0.00685756
 3940     0.00685227
 3941     0.00684699
 3942     0.00684171
 3943     0.00683644
 3944     0.00683117
 3945      0.0068259
 3946     0.00682064
 3947     0.00681538
 3948     0.00681013
 3949     0.00680488
 3950     0.00679963
 3951     0.00679439
 3952     0.00678915
 3953     0.00678391
 3954     0.00677868
 3955     0.00677346
 3956     0.00676824
 3957     0.00676302
 3958      0.0067578
 3959     0.00675259
 3960     0.00674739
 3961     0.00674219
 3962     0.00673699
 3963     0.00673179
 3964      0.0067266
 3965     0.00672142
 3966     0.00671624
 3967     0.00671106
 3968     0.00670588
 3969     0.00670071
 3970     0.00669555
 3971     0.00669039
 3972     0.00668523
 3973     0.00668007
 3974     0.00667492
 3975     0.00666978
 3976     0.00666464
 3977      0.0066595
 3978     0.00665436
 3979     0.00664923
 3980     0.00664411
 3981     0.00663898
 3982     0.00663387
 3983     0.00662875
 3984     0.00662364
 3985     0.00661853
 3986     0.00661343
 3987     0.00660833
 3988     0.00660324
 3989     0.00659815
 3990     0.00659306
 3991     0.00658798
 3992      0.0065829
 3993     0.00657782
 3994     0.00657275
 3995     0.00656768
 3996     0.00656262
 3997     0.00655756
 3998     0.00655251
 3999     0.00654745
 4000     0.00654241
 4001     0.00653736
 4002     0.00653232
 4003     0.00652729
 4004     0.00652225
 4005     0.00651723
 4006      0.0065122
 4007     0.00650718
 4008     0.00650216
 4009     0.00649715
 4010     0.00649214
 4011     0.00648714
 4012     0.00648213
 4013     0.00647714
 4014     0.00647214
 4015     0.00646715
 4016     0.00646217
 4017     0.00645719
 4018     0.00645221
 4019     0.00644723
 4020     0.00644226
 4021      0.0064373
 4022     0.00643233
 4023     0.00642737
 4024     0.00642242
 4025     0.00641747
 4026     0.00641252
 4027     0.00640758
 4028     0.00640264
 4029      0.0063977
 4030     0.00639277
 4031     0.00638784
 4032     0.00638291
 4033     0.00637799
 4034     0.00637308
 4035     0.00636816
 4036     0.00636325
 4037     0.00635835
 4038     0.00635344
 4039     0.00634855
 4040     0.00634365
 4041     0.00633876
 4042     0.00633387
 4043     0.00632899
 4044     0.00632411
 4045     0.00631924
 4046     0.00631436
 4047      0.0063095
 4048     0.00630463
 4049     0.00629977
 4050     0.00629491
 4051     0.00629006
 4052     0.00628521
 4053     0.00628037
 4054     0.00627552
 4055     0.00627069
 4056     0.00626585
 4057     0.00626102
 4058     0.00625619
 4059     0.00625137
 4060     0.00624655
 4061     0.00624173
 4062     0.00623692
 4063     0.00623211
 4064     0.00622731
 4065     0.00622251
 4066     0.00621771
 4067     0.00621292
 4068     0.00620813
 4069     0.00620334
 4070     0.00619856
 4071     0.00619378
 4072       0.006189
 4073     0.00618423
 4074     0.00617946
 4075      0.0061747
 4076     0.00616994
 4077     0.00616518
 4078     0.00616043
 4079     0.00615568
 4080     0.00615094
 4081     0.00614619
 4082     0.00614145
 4083     0.00613672
 4084     0.00613199
 4085     0.00612726
 4086     0.00612254
 4087     0.00611782
 4088      0.0061131
 4089     0.00610839
 4090     0.00610368
 4091     0.00609897
 4092     0.00609427
 4093     0.00608957
 4094     0.00608488
 4095     0.00608019
 4096      0.0060755
 4097     0.00607081
 4098     0.00606613
 4099     0.00606146
 4100     0.00605678
 4101     0.00605211
 4102     0.00604745
 4103     0.00604279
 4104     0.00603813
 4105     0.00603347
 4106     0.00602882
 4107     0.00602417
 4108     0.00601953
 4109     0.00601489
 4110     0.00601025
 4111     0.00600562
 4112     0.00600099
 4113     0.00599636
 4114     0.00599174
 4115     0.00598712
 4116      0.0059825
 4117     0.00597789
 4118     0.00597328
 4119     0.00596867
 4120     0.00596407
 4121     0.00595948
 4122     0.00595488
 4123     0.00595029
 4124      0.0059457
 4125     0.00594112
 4126     0.00593654
 4127     0.00593196
 4128     0.00592739
 4129     0.00592282
 4130     0.00591825
 4131     0.00591369
 4132     0.00590913
 4133     0.00590457
 4134     0.00590002
 4135     0.00589547
 4136     0.00589093
 4137     0.00588639
 4138     0.00588185
 4139     0.00587731
 4140     0.00587278
 4141     0.00586825
 4142     0.00586373
 4143     0.00585921
 4144     0.00585469
 4145     0.00585018
 4146     0.00584567
 4147     0.00584116
 4148     0.00583666
 4149     0.00583216
 4150     0.00582766
 4151     0.00582317
 4152     0.00581868
 4153     0.00581419
 4154     0.00580971
 4155     0.00580523
 4156     0.00580076
 4157     0.00579628
 4158     0.00579182
 4159     0.00578735
 4160     0.00578289
 4161     0.00577843
 4162     0.00577397
 4163     0.00576952
 4164     0.00576508
 4165     0.00576063
 4166     0.00575619
 4167     0.00575175
 4168     0.00574732
 4169     0.00574289
 4170     0.00573846
 4171     0.00573403
 4172     0.00572961
 4173      0.0057252
 4174     0.00572078
 4175     0.00571637
 4176     0.00571196
 4177     0.00570756
 4178     0.00570316
 4179     0.00569876
 4180     0.00569437
 4181     0.00568998
 4182     0.00568559
 4183     0.00568121
 4184     0.00567683
 4185     0.00567245
 4186     0.00566808
 4187     0.00566371
 4188     0.00565934
 4189     0.00565498
 4190     0.00565062
 4191     0.00564626
 4192     0.00564191
 4193     0.00563756
 4194     0.00563322
 4195     0.00562887
 4196     0.00562453
 4197      0.0056202
 4198     0.00561586
 4199     0.00561153
 4200     0.00560721
 4201     0.00560288
 4202     0.00559856
 4203     0.00559425
 4204     0.00558994
 4205     0.00558563
 4206     0.00558132
 4207     0.00557702
 4208     0.00557272
 4209     0.00556842
 4210     0.00556413
 4211     0.00555984
 4212     0.00555555
 4213     0.00555127
 4214     0.00554699
 4215     0.00554271
 4216     0.00553844
 4217     0.00553417
 4218      0.0055299
 4219     0.00552564
 4220     0.00552138
 4221     0.00551712
 4222     0.00551287
 4223     0.00550862
 4224     0.00550437
 4225     0.00550013
 4226     0.00549589
 4227     0.00549165
 4228     0.00548742
 4229     0.00548319
 4230     0.00547896
 4231     0.00547473
 4232     0.00547051
 4233      0.0054663
 4234     0.00546208
 4235     0.00545787
 4236     0.00545366
 4237     0.00544946
 4238     0.00544526
 4239     0.00544106
 4240     0.00543686
 4241     0.00543267
 4242     0.00542848
 4243      0.0054243
 4244     0.00542012
 4245     0.00541594
 4246     0.00541176
 4247     0.00540759
 4248     0.00540342
 4249     0.00539926
 4250     0.00539509
 4251     0.00539093
 4252     0.00538678
 4253     0.00538262
 4254     0.00537847
 4255     0.00537433
 4256     0.00537018
 4257     0.00536604
 4258     0.00536191
 4259     0.00535777
 4260     0.00535364
 4261     0.00534951
 4262     0.00534539
 4263     0.00534127
 4264     0.00533715
 4265     0.00533304
 4266     0.00532893
 4267     0.00532482
 4268     0.00532071
 4269     0.00531661
 4270     0.00531251
 4271     0.00530841
 4272     0.00530432
 4273     0.00530023
 4274     0.00529615
 4275     0.00529206
 4276     0.00528798
 4277     0.00528391
 4278     0.00527983
 4279     0.00527576
 4280     0.00527169
 4281     0.00526763
 4282     0.00526357
 4283     0.00525951
 4284     0.00525546
 4285      0.0052514
 4286     0.00524736
 4287     0.00524331
 4288     0.00523927
 4289     0.00523523
 4290     0.00523119
 4291     0.00522716
 4292     0.00522313
 4293      0.0052191
 4294     0.00521508
 4295     0.00521106
 4296     0.00520704
 4297     0.00520303
 4298     0.00519902
 4299     0.00519501
 4300       0.005191
 4301       0.005187
 4302       0.005183
 4303       0.005179
 4304     0.00517501
 4305     0.00517102
 4306     0.00516704
 4307     0.00516305
 4308     0.00515907
 4309     0.00515509
 4310     0.00515112
 4311     0.00514715
 4312     0.00514318
 4313     0.00513921
 4314     0.00513525
 4315     0.00513129
 4316     0.00512734
 4317     0.00512338
 4318     0.00511943
 4319     0.00511549
 4320     0.00511154
 4321      0.0051076
 4322     0.00510367
 4323     0.00509973
 4324      0.0050958
 4325     0.00509187
 4326     0.00508794
 4327     0.00508402
 4328      0.0050801
 4329     0.00507619
 4330     0.00507227
 4331     0.00506836
 4332     0.00506445
 4333     0.00506055
 4334     0.00505665
 4335     0.00505275
 4336     0.00504885
 4337     0.00504496
 4338     0.00504107
 4339     0.00503719
 4340      0.0050333
 4341     0.00502942
 4342     0.00502554
 4343     0.00502167
 4344      0.0050178
 4345     0.00501393
 4346     0.00501006
 4347      0.0050062
 4348     0.00500234
 4349     0.00499849
 4350     0.00499463
 4351     0.00499078
 4352     0.00498693
 4353     0.00498309
 4354     0.00497925
 4355     0.00497541
 4356     0.00497157
 4357     0.00496774
 4358     0.00496391
 4359     0.00496008
 4360     0.00495626
 4361     0.00495244
 4362     0.00494862
 4363      0.0049448
 4364     0.00494099
 4365     0.00493718
 4366     0.00493338
 4367     0.00492957
 4368     0.00492577
 4369     0.00492197
 4370     0.00491818
 4371     0.00491439
 4372      0.0049106
 4373     0.00490681
 4374     0.00490303
 4375     0.00489925
 4376     0.00489547
 4377      0.0048917
 4378     0.00488793
 4379     0.00488416
 4380     0.00488039
 4381     0.00487663
 4382     0.00487287
 4383     0.00486911
 4384     0.00486536
 4385     0.00486161
 4386     0.00485786
 4387     0.00485412
 4388     0.00485037
 4389     0.00484663
 4390      0.0048429
 4391     0.00483916
 4392     0.00483543
 4393      0.0048317
 4394     0.00482798
 4395     0.00482426
 4396     0.00482054
 4397     0.00481682
 4398     0.00481311
 4399      0.0048094
 4400     0.00480569
 4401     0.00480198
 4402     0.00479828
 4403     0.00479458
 4404     0.00479089
 4405     0.00478719
 4406      0.0047835
 4407     0.00477981
 4408     0.00477613
 4409     0.00477245
 4410     0.00476877
 4411     0.00476509
 4412     0.00476142
 4413     0.00475775
 4414     0.00475408
 4415     0.00475041
 4416     0.00474675
 4417     0.00474309
 4418     0.00473943
 4419     0.00473578
 4420     0.00473213
 4421     0.00472848
 4422     0.00472484
 4423     0.00472119
 4424     0.00471755
 4425     0.00471392
 4426     0.00471028
 4427     0.00470665
 4428     0.00470302
 4429      0.0046994
 4430     0.00469577
 4431     0.00469215
 4432     0.00468854
 4433     0.00468492
 4434     0.00468131
 4435      0.0046777
 4436     0.00467409
 4437     0.00467049
 4438     0.00466689
 4439     0.00466329
 4440      0.0046597
 4441      0.0046561
 4442     0.00465251
 4443     0.00464893
 4444     0.00464534
 4445     0.00464176
 4446     0.00463818
 4447     0.00463461
 4448     0.00463103
 4449     0.00462746
 4450      0.0046239
 4451     0.00462033
 4452     0.00461677
 4453     0.00461321
 4454     0.00460965
 4455      0.0046061
 4456     0.00460255
 4457       0.004599
 4458     0.00459545
 4459     0.00459191
 4460     0.00458837
 4461     0.00458483
 4462      0.0045813
 4463     0.00457777
 4464     0.00457424
 4465     0.00457071
 4466     0.00456719
 4467     0.00456367
 4468     0.00456015
 4469     0.00455663
 4470     0.00455312
 4471     0.00454961
 4472      0.0045461
 4473      0.0045426
 4474     0.00453909
 4475     0.00453559
 4476      0.0045321
 4477      0.0045286
 4478     0.00452511
 4479     0.00452162
 4480     0.00451814
 4481     0.00451465
 4482     0.00451117
 4483     0.00450769
 4484     0.00450422
 4485     0.00450075
 4486     0.00449728
 4487     0.00449381
 4488     0.00449035
 4489     0.00448688
 4490     0.00448342
 4491     0.00447997
 4492     0.00447651
 4493     0.00447306
 4494     0.00446961
 4495     0.00446617
 4496     0.00446272
 4497     0.00445928
 4498     0.00445585
 4499     0.00445241
 4500     0.00444898
 4501     0.00444555
 4502     0.00444212
 4503      0.0044387
 4504     0.00443527
 4505     0.00443185
 4506     0.00442844
 4507     0.00442502
 4508     0.00442161
 4509      0.0044182
 4510      0.0044148
 4511     0.00441139
 4512     0.00440799
 4513     0.00440459
 4514      0.0044012
 4515      0.0043978
 4516     0.00439441
 4517     0.00439103
 4518     0.00438764
 4519     0.00438426
 4520     0.00438088
 4521      0.0043775
 4522     0.00437413
 4523     0.00437075
 4524     0.00436738
 4525     0.00436402
 4526     0.00436065
 4527     0.00435729
 4528     0.00435393
 4529     0.00435057
 4530     0.00434722
 4531     0.00434387
 4532     0.00434052
 4533     0.00433717
 4534     0.00433383
 4535     0.00433049
 4536     0.00432715
 4537     0.00432381
 4538     0.00432048
 4539     0.00431715
 4540     0.00431382
 4541     0.00431049
 4542     0.00430717
 4543     0.00430385
 4544     0.00430053
 4545     0.00429722
 4546      0.0042939
 4547     0.00429059
 4548     0.00428729
 4549     0.00428398
 4550     0.00428068
 4551     0.00427738
 4552     0.00427408
 4553     0.00427078
 4554     0.00426749
 4555      0.0042642
 4556     0.00426091
 4557     0.00425763
 4558     0.00425435
 4559     0.00425107
 4560     0.00424779
 4561     0.00424451
 4562     0.00424124
 4563     0.00423797
 4564     0.00423471
 4565     0.00423144
 4566     0.00422818
 4567     0.00422492
 4568     0.00422166
 4569     0.00421841
 4570     0.00421515
 4571      0.0042119
 4572     0.00420866
 4573     0.00420541
 4574     0.00420217
 4575     0.00419893
 4576     0.00419569
 4577     0.00419246
 4578     0.00418923
 4579       0.004186
 4580     0.00418277
 4581     0.00417954
 4582     0.00417632
 4583      0.0041731
 4584     0.00416989
 4585     0.00416667
 4586     0.00416346
 4587     0.00416025
 4588     0.00415704
 4589     0.00415384
 4590     0.00415063
 4591     0.00414743
 4592     0.00414424
 4593     0.00414104
 4594     0.00413785
 4595     0.00413466
 4596     0.00413147
 4597     0.00412829
 4598      0.0041251
 4599     0.00412192
 4600     0.00411874
 4601     0.00411557
 4602      0.0041124
 4603     0.00410923
 4604     0.00410606
 4605     0.00410289
 4606     0.00409973
 4607     0.00409657
 4608     0.00409341
 4609     0.00409025
 4610      0.0040871
 4611     0.00408395
 4612      0.0040808
 4613     0.00407765
 4614     0.00407451
 4615     0.00407137
 4616     0.00406823
 4617     0.00406509
 4618     0.00406196
 4619     0.00405883
 4620      0.0040557
 4621     0.00405257
 4622     0.00404945
 4623     0.00404633
 4624     0.00404321
 4625     0.00404009
 4626     0.00403697
 4627     0.00403386
 4628     0.00403075
 4629     0.00402764
 4630     0.00402454
 4631     0.00402144
 4632     0.00401834
 4633     0.00401524
 4634     0.00401214
 4635     0.00400905
 4636     0.00400596
 4637     0.00400287
 4638     0.00399978
 4639      0.0039967
 4640     0.00399362
 4641     0.00399054
 4642     0.00398746
 4643     0.00398439
 4644     0.00398132
 4645     0.00397825
 4646     0.00397518
 4647     0.00397212
 4648     0.00396905
 4649     0.00396599
 4650     0.00396294
 4651     0.00395988
 4652     0.00395683
 4653     0.00395378
 4654     0.00395073
 4655     0.00394768
 4656     0.00394464
 4657      0.0039416
 4658     0.00393856
 4659     0.00393552
 4660     0.00393249
 4661     0.00392946
 4662     0.00392643
 4663      0.0039234
 4664     0.00392038
 4665     0.00391735
 4666     0.00391433
 4667     0.00391132
 4668      0.0039083
 4669     0.00390529
 4670     0.00390228
 4671     0.00389927
 4672     0.00389626
 4673     0.00389326
 4674     0.00389026
 4675     0.00388726
 4676     0.00388426
 4677     0.00388127
 4678     0.00387827
 4679     0.00387528
 4680      0.0038723
 4681     0.00386931
 4682     0.00386633
 4683     0.00386335
 4684     0.00386037
 4685     0.00385739
 4686     0.00385442
 4687     0.00385145
 4688     0.00384848
 4689     0.00384551
 4690     0.00384254
 4691     0.00383958
 4692     0.00383662
 4693     0.00383366
 4694     0.00383071
 4695     0.00382776
 4696      0.0038248
 4697     0.00382186
 4698     0.00381891
 4699     0.00381596
 4700     0.00381302
 4701     0.00381008
 4702     0.00380715
 4703     0.00380421
 4704     0.00380128
 4705     0.00379835
 4706     0.00379542
 4707     0.00379249
 4708     0.00378957
 4709     0.00378665
 4710     0.00378373
 4711     0.00378081
 4712      0.0037779
 4713     0.00377498
 4714     0.00377207
 4715     0.00376916
 4716     0.00376626
 4717     0.00376335
 4718     0.00376045
 4719     0.00375755
 4720     0.00375466
 4721     0.00375176
 4722     0.00374887
 4723     0.00374598
 4724     0.00374309
 4725     0.00374021
 4726     0.00373732
 4727     0.00373444
 4728     0.00373156
 4729     0.00372869
 4730     0.00372581
 4731     0.00372294
 4732     0.00372007
 4733      0.0037172
 4734     0.00371433
 4735     0.00371147
 4736     0.00370861
 4737     0.00370575
 4738     0.00370289
 4739     0.00370004
 4740     0.00369719
 4741     0.00369433
 4742     0.00369149
 4743     0.00368864
 4744      0.0036858
 4745     0.00368296
 4746     0.00368012
 4747     0.00367728
 4748     0.00367444
 4749     0.00367161
 4750     0.00366878
 4751     0.00366595
 4752     0.00366313
 4753      0.0036603
 4754     0.00365748
 4755     0.00365466
 4756     0.00365184
 4757     0.00364903
 4758     0.00364621
 4759      0.0036434
 4760     0.00364059
 4761     0.00363779
 4762     0.00363498
 4763     0.00363218
 4764     0.00362938
 4765     0.00362658
 4766     0.00362378
 4767     0.00362099
 4768      0.0036182
 4769     0.00361541
 4770     0.00361262
 4771     0.00360984
 4772     0.00360705
 4773     0.00360427
 4774     0.00360149
 4775     0.00359872
 4776     0.00359594
 4777     0.00359317
 4778      0.0035904
 4779     0.00358763
 4780     0.00358487
 4781      0.0035821
 4782     0.00357934
 4783     0.00357658
 4784     0.00357382
 4785     0.00357107
 4786     0.00356832
 4787     0.00356556
 4788     0.00356282
 4789     0.00356007
 4790     0.00355732
 4791     0.00355458
 4792     0.00355184
 4793      0.0035491
 4794     0.00354637
 4795     0.00354363
 4796      0.0035409
 4797     0.00353817
 4798     0.00353544
 4799     0.00353272
 4800     0.00352999
 4801     0.00352727
 4802     0.00352455
 4803     0.00352184
 4804     0.00351912
 4805     0.00351641
 4806      0.0035137
 4807     0.00351099
 4808     0.00350828
 4809     0.00350558
 4810     0.00350287
 4811     0.00350017
 4812     0.00349747
 4813     0.00349478
 4814     0.00349208
 4815     0.00348939
 4816      0.0034867
 4817     0.00348401
 4818     0.00348133
 4819     0.00347864
 4820     0.00347596
 4821     0.00347328
 4822      0.0034706
 4823     0.00346793
 4824     0.00346525
 4825     0.00346258
 4826     0.00345991
 4827     0.00345725
 4828     0.00345458
 4829     0.00345192
 4830     0.00344926
 4831      0.0034466
 4832     0.00344394
 4833     0.00344128
 4834     0.00343863
 4835     0.00343598
 4836     0.00343333
 4837     0.00343068
 4838     0.00342804
 4839      0.0034254
 4840     0.00342275
 4841     0.00342012
 4842     0.00341748
 4843     0.00341484
 4844     0.00341221
 4845     0.00340958
 4846     0.00340695
 4847     0.00340433
 4848      0.0034017
 4849     0.00339908
 4850     0.00339646
 4851     0.00339384
 4852     0.00339122
 4853     0.00338861
 4854       0.003386
 4855     0.00338339
 4856     0.00338078
 4857     0.00337817
 4858     0.00337557
 4859     0.00337296
 4860     0.00337036
 4861     0.00336776
 4862     0.00336517
 4863     0.00336257
 4864     0.00335998
 4865     0.00335739
 4866      0.0033548
 4867     0.00335222
 4868     0.00334963
 4869     0.00334705
 4870     0.00334447
 4871     0.00334189
 4872     0.00333931
 4873     0.00333674
 4874     0.00333417
 4875      0.0033316
 4876     0.00332903
 4877     0.00332646
 4878      0.0033239
 4879     0.00332133
 4880     0.00331877
 4881     0.00331621
 4882     0.00331366
 4883      0.0033111
 4884     0.00330855
 4885       0.003306
 4886     0.00330345
 4887      0.0033009
 4888     0.00329836
 4889     0.00329582
 4890     0.00329328
 4891     0.00329074
 4892      0.0032882
 4893     0.00328566
 4894     0.00328313
 4895      0.0032806
 4896     0.00327807
 4897     0.00327554
 4898     0.00327302
 4899     0.00327049
 4900     0.00326797
 4901     0.00326545
 4902     0.00326294
 4903     0.00326042
 4904     0.00325791
 4905      0.0032554
 4906     0.00325289
 4907     0.00325038
 4908     0.00324787
 4909     0.00324537
 4910     0.00324287
 4911     0.00324037
 4912     0.00323787
 4913     0.00323537
 4914     0.00323288
 4915     0.00323038
 4916     0.00322789
 4917     0.00322541
 4918     0.00322292
 4919     0.00322043
 4920     0.00321795
 4921     0.00321547
 4922     0.00321299
 4923     0.00321051
 4924     0.00320804
 4925     0.00320557
 4926     0.00320309
 4927     0.00320062
 4928     0.00319816
 4929     0.00319569
 4930     0.00319323
 4931     0.00319077
 4932     0.00318831
 4933     0.00318585
 4934     0.00318339
 4935     0.00318094
 4936     0.00317848
 4937     0.00317603
 4938     0.00317359
 4939     0.00317114
 4940     0.00316869
 4941     0.00316625
 4942     0.00316381
 4943     0.00316137
 4944     0.00315893
 4945      0.0031565
 4946     0.00315406
 4947     0.00315163
 4948      0.0031492
 4949     0.00314678
 4950     0.00314435
 4951     0.00314193
 4952      0.0031395
 4953     0.00313708
 4954     0.00313466
 4955     0.00313225
 4956     0.00312983
 4957     0.00312742
 4958     0.00312501
 4959      0.0031226
 4960     0.00312019
 4961     0.00311779
 4962     0.00311538
 4963     0.00311298
 4964     0.00311058
 4965     0.00310818
 4966     0.00310579
 4967     0.00310339
 4968       0.003101
 4969     0.00309861
 4970     0.00309622
 4971     0.00309383
 4972     0.00309145
 4973     0.00308906
 4974     0.00308668
 4975      0.0030843
 4976     0.00308192
 4977     0.00307955
 4978     0.00307717
 4979      0.0030748
 4980     0.00307243
 4981     0.00307006
 4982      0.0030677
 4983     0.00306533
 4984     0.00306297
 4985     0.00306061
 4986     0.00305825
 4987     0.00305589
 4988     0.00305353
 4989     0.00305118
 4990     0.00304883
 4991     0.00304648
 4992     0.00304413
 4993     0.00304178
 4994     0.00303943
 4995     0.00303709
 4996     0.00303475
 4997     0.00303241
 4998     0.00303007
 4999     0.00302774
 5000      0.0030254
 5001     0.00302307
 5002     0.00302074
 5003     0.00301841
 5004     0.00301608
 5005     0.00301376
 5006     0.00301143
 5007     0.00300911
 5008     0.00300679
 5009     0.00300447
 5010     0.00300216
 5011     0.00299984
 5012     0.00299753
 5013     0.00299522
 5014     0.00299291
 5015      0.0029906
 5016      0.0029883
 5017     0.00298599
 5018     0.00298369
 5019     0.00298139
 5020     0.00297909
 5021      0.0029768
 5022      0.0029745
 5023     0.00297221
 5024     0.00296992
 5025     0.00296763
 5026     0.00296534
 5027     0.00296305
 5028     0.00296077
 5029     0.00295849
 5030      0.0029562
 5031     0.00295393
 5032     0.00295165
 5033     0.00294937
 5034      0.0029471
 5035     0.00294483
 5036     0.00294256
 5037     0.00294029
 5038     0.00293802
 5039     0.00293576
 5040     0.00293349
 5041     0.00293123
 5042     0.00292897
 5043     0.00292671
 5044     0.00292446
 5045      0.0029222
 5046     0.00291995
 5047      0.0029177
 5048     0.00291545
 5049      0.0029132
 5050     0.00291095
 5051     0.00290871
 5052     0.00290647
 5053     0.00290423
 5054     0.00290199
 5055     0.00289975
 5056     0.00289751
 5057     0.00289528
 5058     0.00289305
 5059     0.00289082
 5060     0.00288859
 5061     0.00288636
 5062     0.00288414
 5063     0.00288191
 5064     0.00287969
 5065     0.00287747
 5066     0.00287525
 5067     0.00287304
 5068     0.00287082
 5069     0.00286861
 5070      0.0028664
 5071     0.00286419
 5072     0.00286198
 5073     0.00285977
 5074     0.00285757
 5075     0.00285536
 5076     0.00285316
 5077     0.00285096
 5078     0.00284876
 5079     0.00284657
 5080     0.00284437
 5081     0.00284218
 5082     0.00283999
 5083      0.0028378
 5084     0.00283561
 5085     0.00283343
 5086     0.00283124
 5087     0.00282906
 5088     0.00282688
 5089      0.0028247
 5090     0.00282252
 5091     0.00282034
 5092     0.00281817
 5093       0.002816
 5094     0.00281383
 5095     0.00281166
 5096     0.00280949
 5097     0.00280732
 5098     0.00280516
 5099       0.002803
 5100     0.00280084
 5101     0.00279868
 5102     0.00279652
 5103     0.00279436
 5104     0.00279221
 5105     0.00279006
 5106      0.0027879
 5107     0.00278576
 5108     0.00278361
 5109     0.00278146
 5110     0.00277932
 5111     0.00277717
 5112     0.00277503
 5113     0.00277289
 5114     0.00277076
 5115     0.00276862
 5116     0.00276649
 5117     0.00276435
 5118     0.00276222
 5119     0.00276009
 5120     0.00275796
 5121     0.00275584
 5122     0.00275371
 5123     0.00275159
 5124     0.00274947
 5125     0.00274735
 5126     0.00274523
 5127     0.00274311
 5128       0.002741
 5129     0.00273889
 5130     0.00273677
 5131     0.00273466
 5132     0.00273256
 5133     0.00273045
 5134     0.00272834
 5135     0.00272624
 5136     0.00272414
 5137     0.00272204
 5138     0.00271994
 5139     0.00271784
 5140     0.00271575
 5141     0.00271365
 5142     0.00271156
 5143     0.00270947
 5144     0.00270738
 5145      0.0027053
 5146     0.00270321
 5147     0.00270113
 5148     0.00269904
 5149     0.00269696
 5150     0.00269488
 5151     0.00269281
 5152     0.00269073
 5153     0.00268865
 5154     0.00268658
 5155     0.00268451
 5156     0.00268244
 5157     0.00268037
 5158     0.00267831
 5159     0.00267624
 5160     0.00267418
 5161     0.00267212
 5162     0.00267006
 5163       0.002668
 5164     0.00266594
 5165     0.00266389
 5166     0.00266183
 5167     0.00265978
 5168     0.00265773
 5169     0.00265568
 5170     0.00265363
 5171     0.00265159
 5172     0.00264954
 5173      0.0026475
 5174     0.00264546
 5175     0.00264342
 5176     0.00264138
 5177     0.00263934
 5178     0.00263731
 5179     0.00263528
 5180     0.00263324
 5181     0.00263121
 5182     0.00262919
 5183     0.00262716
 5184     0.00262513
 5185     0.00262311
 5186     0.00262109
 5187     0.00261907
 5188     0.00261705
 5189     0.00261503
 5190     0.00261301
 5191       0.002611
 5192     0.00260899
 5193     0.00260697
 5194     0.00260497
 5195     0.00260296
 5196     0.00260095
 5197     0.00259894
 5198     0.00259694
 5199     0.00259494
 5200     0.00259294
 5201     0.00259094
 5202     0.00258894
 5203     0.00258695
 5204     0.00258495
 5205     0.00258296
 5206     0.00258097
 5207     0.00257898
 5208     0.00257699
 5209       0.002575
 5210     0.00257302
 5211     0.00257103
 5212     0.00256905
 5213     0.00256707
 5214     0.00256509
 5215     0.00256311
 5216     0.00256114
 5217     0.00255916
 5218     0.00255719
 5219     0.00255522
 5220     0.00255325
 5221     0.00255128
 5222     0.00254931
 5223     0.00254735
 5224     0.00254538
 5225     0.00254342
 5226     0.00254146
 5227      0.0025395
 5228     0.00253754
 5229     0.00253559
 5230     0.00253363
 5231     0.00253168
 5232     0.00252973
 5233     0.00252778
 5234     0.00252583
 5235     0.00252388
 5236     0.00252193
 5237     0.00251999
 5238     0.00251805
 5239     0.00251611
 5240     0.00251417
 5241     0.00251223
 5242     0.00251029
 5243     0.00250836
 5244     0.00250642
 5245     0.00250449
 5246     0.00250256
 5247     0.00250063
 5248      0.0024987
 5249     0.00249677
 5250     0.00249485
 5251     0.00249293
 5252       0.002491
 5253     0.00248908
 5254     0.00248717
 5255     0.00248525
 5256     0.00248333
 5257     0.00248142
 5258      0.0024795
 5259     0.00247759
 5260     0.00247568
 5261     0.00247377
 5262     0.00247187
 5263     0.00246996
 5264     0.00246806
 5265     0.00246615
 5266     0.00246425
 5267     0.00246235
 5268     0.00246045
 5269     0.00245856
 5270     0.00245666
 5271     0.00245477
 5272     0.00245288
 5273     0.00245098
 5274     0.00244909
 5275     0.00244721
 5276     0.00244532
 5277     0.00244343
 5278     0.00244155
 5279     0.00243967
 5280     0.00243779
 5281     0.00243591
 5282     0.00243403
 5283     0.00243215
 5284     0.00243028
 5285      0.0024284
 5286     0.00242653
 5287     0.00242466
 5288     0.00242279
 5289     0.00242092
 5290     0.00241906
 5291     0.00241719
 5292     0.00241533
 5293     0.00241347
 5294     0.00241161
 5295     0.00240975
 5296     0.00240789
 5297     0.00240603
 5298     0.00240418
 5299     0.00240232
 5300     0.00240047
 5301     0.00239862
 5302     0.00239677
 5303     0.00239492
 5304     0.00239308
 5305     0.00239123
 5306     0.00238939
 5307     0.00238755
 5308     0.00238571
 5309     0.00238387
 5310     0.00238203
 5311     0.00238019
 5312     0.00237836
 5313     0.00237652
 5314     0.00237469
 5315     0.00237286
 5316     0.00237103
 5317      0.0023692
 5318     0.00236738
 5319     0.00236555
 5320     0.00236373
 5321     0.00236191
 5322     0.00236009
 5323     0.00235827
 5324     0.00235645
 5325     0.00235463
 5326     0.00235282
 5327       0.002351
 5328     0.00234919
 5329     0.00234738
 5330     0.00234557
 5331     0.00234376
 5332     0.00234195
 5333     0.00234015
 5334     0.00233834
 5335     0.00233654
 5336     0.00233474
 5337     0.00233294
 5338     0.00233114
 5339     0.00232934
 5340     0.00232755
 5341     0.00232575
 5342     0.00232396
 5343     0.00232217
 5344     0.00232038
 5345     0.00231859
 5346      0.0023168
 5347     0.00231502
 5348     0.00231323
 5349     0.00231145
 5350     0.00230967
 5351     0.00230788
 5352     0.00230611
 5353     0.00230433
 5354     0.00230255
 5355     0.00230078
 5356       0.002299
 5357     0.00229723
 5358     0.00229546
 5359     0.00229369
 5360     0.00229192
 5361     0.00229015
 5362     0.00228839
 5363     0.00228662
 5364     0.00228486
 5365      0.0022831
 5366     0.00228134
 5367     0.00227958
 5368     0.00227782
 5369     0.00227607
 5370     0.00227431
 5371     0.00227256
 5372     0.00227081
 5373     0.00226906
 5374     0.00226731
 5375     0.00226556
 5376     0.00226381
 5377     0.00226207
 5378     0.00226032
 5379     0.00225858
 5380     0.00225684
 5381      0.0022551
 5382     0.00225336
 5383     0.00225162
 5384     0.00224989
 5385     0.00224815
 5386     0.00224642
 5387     0.00224469
 5388     0.00224296
 5389     0.00224123
 5390      0.0022395
 5391     0.00223777
 5392     0.00223605
 5393     0.00223432
 5394      0.0022326
 5395     0.00223088
 5396     0.00222916
 5397     0.00222744
 5398     0.00222572
 5399     0.00222401
 5400     0.00222229
 5401     0.00222058
 5402     0.00221887
 5403     0.00221716
 5404     0.00221545
 5405     0.00221374
 5406     0.00221203
 5407     0.00221033
 5408     0.00220862
 5409     0.00220692
 5410     0.00220522
 5411     0.00220352
 5412     0.00220182
 5413     0.00220012
 5414     0.00219843
 5415     0.00219673
 5416     0.00219504
 5417     0.00219335
 5418     0.00219165
 5419     0.00218996
 5420     0.00218828
 5421     0.00218659
 5422      0.0021849
 5423     0.00218322
 5424     0.00218154
 5425     0.00217985
 5426     0.00217817
 5427     0.00217649
 5428     0.00217482
 5429     0.00217314
 5430     0.00217146
 5431     0.00216979
 5432     0.00216812
 5433     0.00216645
 5434     0.00216478
 5435     0.00216311
 5436     0.00216144
 5437     0.00215977
 5438     0.00215811
 5439     0.00215644
 5440     0.00215478
 5441     0.00215312
 5442     0.00215146
 5443      0.0021498
 5444     0.00214814
 5445     0.00214649
 5446     0.00214483
 5447     0.00214318
 5448     0.00214153
 5449     0.00213988
 5450     0.00213823
 5451     0.00213658
 5452     0.00213493
 5453     0.00213328
 5454     0.00213164
 5455        0.00213
 5456     0.00212835
 5457     0.00212671
 5458     0.00212507
 5459     0.00212343
 5460      0.0021218
 5461     0.00212016
 5462     0.00211853
 5463     0.00211689
 5464     0.00211526
 5465     0.00211363
 5466       0.002112
 5467     0.00211037
 5468     0.00210875
 5469     0.00210712
 5470      0.0021055
 5471     0.00210387
 5472     0.00210225
 5473     0.00210063
 5474     0.00209901
 5475     0.00209739
 5476     0.00209578
 5477     0.00209416
 5478     0.00209255
 5479     0.00209093
 5480     0.00208932
 5481     0.00208771
 5482      0.0020861
 5483     0.00208449
 5484     0.00208288
 5485     0.00208128
 5486     0.00207967
 5487     0.00207807
 5488     0.00207647
 5489     0.00207487
 5490     0.00207327
 5491     0.00207167
 5492     0.00207007
 5493     0.00206848
 5494     0.00206688
 5495     0.00206529
 5496      0.0020637
 5497      0.0020621
 5498     0.00206051
 5499     0.00205893
 5500     0.00205734
 5501     0.00205575
 5502     0.00205417
 5503     0.00205258
 5504       0.002051
 5505     0.00204942
 5506     0.00204784
 5507     0.00204626
 5508     0.00204468
 5509     0.00204311
 5510     0.00204153
 5511     0.00203996
 5512     0.00203839
 5513     0.00203681
 5514     0.00203524
 5515     0.00203367
 5516     0.00203211
 5517     0.00203054
 5518     0.00202897
 5519     0.00202741
 5520     0.00202585
 5521     0.00202429
 5522     0.00202272
 5523     0.00202117
 5524     0.00201961
 5525     0.00201805
 5526     0.00201649
 5527     0.00201494
 5528     0.00201339
 5529     0.00201183
 5530     0.00201028
 5531     0.00200873
 5532     0.00200718
 5533     0.00200564
 5534     0.00200409
 5535     0.00200255
 5536       0.002001
 5537     0.00199946
 5538     0.00199792
 5539     0.00199638
 5540     0.00199484
 5541      0.0019933
 5542     0.00199176
 5543     0.00199023
 5544     0.00198869
 5545     0.00198716
 5546     0.00198563
 5547      0.0019841
 5548     0.00198257
 5549     0.00198104
 5550     0.00197951
 5551     0.00197799
 5552     0.00197646
 5553     0.00197494
 5554     0.00197341
 5555     0.00197189
 5556     0.00197037
 5557     0.00196885
 5558     0.00196734
 5559     0.00196582
 5560      0.0019643
 5561     0.00196279
 5562     0.00196128
 5563     0.00195976
 5564     0.00195825
 5565     0.00195674
 5566     0.00195523
 5567     0.00195373
 5568     0.00195222
 5569     0.00195072
 5570     0.00194921
 5571     0.00194771
 5572     0.00194621
 5573     0.00194471
 5574     0.00194321
 5575     0.00194171
 5576     0.00194021
 5577     0.00193872
 5578     0.00193722
 5579     0.00193573
 5580     0.00193424
 5581     0.00193274
 5582     0.00193125
 5583     0.00192977
 5584     0.00192828
 5585     0.00192679
 5586     0.00192531
 5587     0.00192382
 5588     0.00192234
 5589     0.00192086
 5590     0.00191938
 5591      0.0019179
 5592     0.00191642
 5593     0.00191494
 5594     0.00191346
 5595     0.00191199
 5596     0.00191051
 5597     0.00190904
 5598     0.00190757
 5599      0.0019061
 5600     0.00190463
 5601     0.00190316
 5602     0.00190169
 5603     0.00190023
 5604     0.00189876
 5605      0.0018973
 5606     0.00189584
 5607     0.00189437
 5608     0.00189291
 5609     0.00189145
 5610        0.00189
 5611     0.00188854
 5612     0.00188708
 5613     0.00188563
 5614     0.00188417
 5615     0.00188272
 5616     0.00188127
 5617     0.00187982
 5618     0.00187837
 5619     0.00187692
 5620     0.00187548
 5621     0.00187403
 5622     0.00187258
 5623     0.00187114
 5624      0.0018697
 5625     0.00186826
 5626     0.00186682
 5627     0.00186538
 5628     0.00186394
 5629      0.0018625
 5630     0.00186107
 5631     0.00185963
 5632      0.0018582
 5633     0.00185676
 5634     0.00185533
 5635      0.0018539
 5636     0.00185247
 5637     0.00185105
 5638     0.00184962
 5639     0.00184819
 5640     0.00184677
 5641     0.00184534
 5642     0.00184392
 5643      0.0018425
 5644     0.00184108
 5645     0.00183966
 5646     0.00183824
 5647     0.00183682
 5648     0.00183541
 5649     0.00183399
 5650     0.00183258
 5651     0.00183117
 5652     0.00182975
 5653     0.00182834
 5654     0.00182693
 5655     0.00182553
 5656     0.00182412
 5657     0.00182271
 5658     0.00182131
 5659      0.0018199
 5660      0.0018185
 5661      0.0018171
 5662      0.0018157
 5663      0.0018143
 5664      0.0018129
 5665      0.0018115
 5666      0.0018101
 5667     0.00180871
 5668     0.00180731
 5669     0.00180592
 5670     0.00180453
 5671     0.00180314
 5672     0.00180175
 5673     0.00180036
 5674     0.00179897
 5675     0.00179758
 5676      0.0017962
 5677     0.00179481
 5678     0.00179343
 5679     0.00179205
 5680     0.00179066
 5681     0.00178928
 5682      0.0017879
 5683     0.00178653
 5684     0.00178515
 5685     0.00178377
 5686      0.0017824
 5687     0.00178102
 5688     0.00177965
 5689     0.00177828
 5690     0.00177691
 5691     0.00177554
 5692     0.00177417
 5693      0.0017728
 5694     0.00177143
 5695     0.00177007
 5696      0.0017687
 5697     0.00176734
 5698     0.00176598
 5699     0.00176461
 5700     0.00176325
 5701     0.00176189
 5702     0.00176054
 5703     0.00175918
 5704     0.00175782
 5705     0.00175647
 5706     0.00175511
 5707     0.00175376
 5708     0.00175241
 5709     0.00175106
 5710     0.00174971
 5711     0.00174836
 5712     0.00174701
 5713     0.00174566
 5714     0.00174432
 5715     0.00174297
 5716     0.00174163
 5717     0.00174029
 5718     0.00173894
 5719      0.0017376
 5720     0.00173626
 5721     0.00173493
 5722     0.00173359
 5723     0.00173225
 5724     0.00173092
 5725     0.00172958
 5726     0.00172825
 5727     0.00172692
 5728     0.00172558
 5729     0.00172425
 5730     0.00172292
 5731      0.0017216
 5732     0.00172027
 5733     0.00171894
 5734     0.00171762
 5735     0.00171629
 5736     0.00171497
 5737     0.00171365
 5738     0.00171233
 5739     0.00171101
 5740     0.00170969
 5741     0.00170837
 5742     0.00170705
 5743     0.00170574
 5744     0.00170442
 5745     0.00170311
 5746     0.00170179
 5747     0.00170048
 5748     0.00169917
 5749     0.00169786
 5750     0.00169655
 5751     0.00169524
 5752     0.00169394
 5753     0.00169263
 5754     0.00169133
 5755     0.00169002
 5756     0.00168872
 5757     0.00168742
 5758     0.00168612
 5759     0.00168482
 5760     0.00168352
 5761     0.00168222
 5762     0.00168092
 5763     0.00167963
 5764     0.00167833
 5765     0.00167704
 5766     0.00167575
 5767     0.00167445
 5768     0.00167316
 5769     0.00167187
 5770     0.00167058
 5771      0.0016693
 5772     0.00166801
 5773     0.00166672
 5774     0.00166544
 5775     0.00166415
 5776     0.00166287
 5777     0.00166159
 5778     0.00166031
 5779     0.00165903
 5780     0.00165775
 5781     0.00165647
 5782     0.00165519
 5783     0.00165392
 5784     0.00165264
 5785     0.00165137
 5786     0.00165009
 5787     0.00164882
 5788     0.00164755
 5789     0.00164628
 5790     0.00164501
 5791     0.00164374
 5792     0.00164248
 5793     0.00164121
 5794     0.00163994
 5795     0.00163868
 5796     0.00163742
 5797     0.00163615
 5798     0.00163489
 5799     0.00163363
 5800     0.00163237
 5801     0.00163111
 5802     0.00162986
 5803      0.0016286
 5804     0.00162735
 5805     0.00162609
 5806     0.00162484
 5807     0.00162358
 5808     0.00162233
 5809     0.00162108
 5810     0.00161983
 5811     0.00161858
 5812     0.00161734
 5813     0.00161609
 5814     0.00161484
 5815      0.0016136
 5816     0.00161235
 5817     0.00161111
 5818     0.00160987
 5819     0.00160863
 5820     0.00160739
 5821     0.00160615
 5822     0.00160491
 5823     0.00160367
 5824     0.00160244
 5825      0.0016012
 5826     0.00159997
 5827     0.00159873
 5828      0.0015975
 5829     0.00159627
 5830     0.00159504
 5831     0.00159381
 5832     0.00159258
 5833     0.00159135
 5834     0.00159012
 5835      0.0015889
 5836     0.00158767
 5837     0.00158645
 5838     0.00158523
 5839       0.001584
 5840     0.00158278
 5841     0.00158156
 5842     0.00158034
 5843     0.00157912
 5844     0.00157791
 5845     0.00157669
 5846     0.00157548
 5847     0.00157426
 5848     0.00157305
 5849     0.00157183
 5850     0.00157062
 5851     0.00156941
 5852      0.0015682
 5853     0.00156699
 5854     0.00156578
 5855     0.00156458
 5856     0.00156337
 5857     0.00156217
 5858     0.00156096
 5859     0.00155976
 5860     0.00155856
 5861     0.00155735
 5862     0.00155615
 5863     0.00155495
 5864     0.00155375
 5865     0.00155256
 5866     0.00155136
 5867     0.00155016
 5868     0.00154897
 5869     0.00154777
 5870     0.00154658
 5871     0.00154539
 5872      0.0015442
 5873     0.00154301
 5874     0.00154182
 5875     0.00154063
 5876     0.00153944
 5877     0.00153825
 5878     0.00153707
 5879     0.00153588
 5880      0.0015347
 5881     0.00153352
 5882     0.00153233
 5883     0.00153115
 5884     0.00152997
 5885     0.00152879
 5886     0.00152761
 5887     0.00152644
 5888     0.00152526
 5889     0.00152408
 5890     0.00152291
 5891     0.00152173
 5892     0.00152056
 5893     0.00151939
 5894     0.00151822
 5895     0.00151705
 5896     0.00151588
 5897     0.00151471
 5898     0.00151354
 5899     0.00151237
 5900     0.00151121
 5901     0.00151004
 5902     0.00150888
 5903     0.00150771
 5904     0.00150655
 5905     0.00150539
 5906     0.00150423
 5907     0.00150307
 5908     0.00150191
 5909     0.00150075
 5910      0.0014996
 5911     0.00149844
 5912     0.00149729
 5913     0.00149613
 5914     0.00149498
 5915     0.00149383
 5916     0.00149267
 5917     0.00149152
 5918     0.00149037
 5919     0.00148922
 5920     0.00148808
 5921     0.00148693
 5922     0.00148578
 5923     0.00148464
 5924     0.00148349
 5925     0.00148235
 5926     0.00148121
 5927     0.00148006
 5928     0.00147892
 5929     0.00147778
 5930     0.00147664
 5931      0.0014755
 5932     0.00147437
 5933     0.00147323
 5934     0.00147209
 5935     0.00147096
 5936     0.00146983
 5937     0.00146869
 5938     0.00146756
 5939     0.00146643
 5940      0.0014653
 5941     0.00146417
 5942     0.00146304
 5943     0.00146191
 5944     0.00146078
 5945     0.00145966
 5946     0.00145853
 5947     0.00145741
 5948     0.00145628
 5949     0.00145516
 5950     0.00145404
 5951     0.00145292
 5952      0.0014518
 5953     0.00145068
 5954     0.00144956
 5955     0.00144844
 5956     0.00144733
 5957     0.00144621
 5958      0.0014451
 5959     0.00144398
 5960     0.00144287
 5961     0.00144176
 5962     0.00144064
 5963     0.00143953
 5964     0.00143842
 5965     0.00143732
 5966     0.00143621
 5967      0.0014351
 5968     0.00143399
 5969     0.00143289
 5970     0.00143178
 5971     0.00143068
 5972     0.00142958
 5973     0.00142847
 5974     0.00142737
 5975     0.00142627
 5976     0.00142517
 5977     0.00142407
 5978     0.00142298
 5979     0.00142188
 5980     0.00142078
 5981     0.00141969
 5982     0.00141859
 5983      0.0014175
 5984     0.00141641
 5985     0.00141531
 5986     0.00141422
 5987     0.00141313
 5988     0.00141204
 5989     0.00141095
 5990     0.00140987
 5991     0.00140878
 5992     0.00140769
 5993     0.00140661
 5994     0.00140552
 5995     0.00140444
 5996     0.00140336
 5997     0.00140228
 5998     0.00140119
 5999     0.00140011
 6000     0.00139904
 6001     0.00139796
 6002     0.00139688
 6003      0.0013958
 6004     0.00139473
 6005     0.00139365
 6006     0.00139258
 6007      0.0013915
 6008     0.00139043
 6009     0.00138936
 6010     0.00138829
 6011     0.00138722
 6012     0.00138615
 6013     0.00138508
 6014     0.00138401
 6015     0.00138294
 6016     0.00138188
 6017     0.00138081
 6018     0.00137975
 6019     0.00137868
 6020     0.00137762
 6021     0.00137656
 6022      0.0013755
 6023     0.00137444
 6024     0.00137338
 6025     0.00137232
 6026     0.00137126
 6027      0.0013702
 6028     0.00136915
 6029     0.00136809
 6030     0.00136704
 6031     0.00136598
 6032     0.00136493
 6033     0.00136388
 6034     0.00136283
 6035     0.00136177
 6036     0.00136072
 6037     0.00135968
 6038     0.00135863
 6039     0.00135758
 6040     0.00135653
 6041     0.00135549
 6042     0.00135444
 6043      0.0013534
 6044     0.00135235
 6045     0.00135131
 6046     0.00135027
 6047     0.00134923
 6048     0.00134819
 6049     0.00134715
 6050     0.00134611
 6051     0.00134507
 6052     0.00134404
 6053       0.001343
 6054     0.00134196
 6055     0.00134093
 6056      0.0013399
 6057     0.00133886
 6058     0.00133783
 6059      0.0013368
 6060     0.00133577
 6061     0.00133474
 6062     0.00133371
 6063     0.00133268
 6064     0.00133165
 6065     0.00133063
 6066      0.0013296
 6067     0.00132858
 6068     0.00132755
 6069     0.00132653
 6070     0.00132551
 6071     0.00132448
 6072     0.00132346
 6073     0.00132244
 6074     0.00132142
 6075      0.0013204
 6076     0.00131939
 6077     0.00131837
 6078     0.00131735
 6079     0.00131634
 6080     0.00131532
 6081     0.00131431
 6082      0.0013133
 6083     0.00131228
 6084     0.00131127
 6085     0.00131026
 6086     0.00130925
 6087     0.00130824
 6088     0.00130723
 6089     0.00130622
 6090     0.00130522
 6091     0.00130421
 6092     0.00130321
 6093      0.0013022
 6094      0.0013012
 6095     0.00130019
 6096     0.00129919
 6097     0.00129819
 6098     0.00129719
 6099     0.00129619
 6100     0.00129519
 6101     0.00129419
 6102     0.00129319
 6103      0.0012922
 6104      0.0012912
 6105      0.0012902
 6106     0.00128921
 6107     0.00128822
 6108     0.00128722
 6109     0.00128623
 6110     0.00128524
 6111     0.00128425
 6112     0.00128326
 6113     0.00128227
 6114     0.00128128
 6115     0.00128029
 6116      0.0012793
 6117     0.00127832
 6118     0.00127733
 6119     0.00127635
 6120     0.00127536
 6121     0.00127438
 6122      0.0012734
 6123     0.00127242
 6124     0.00127144
 6125     0.00127046
 6126     0.00126948
 6127      0.0012685
 6128     0.00126752
 6129     0.00126654
 6130     0.00126557
 6131     0.00126459
 6132     0.00126361
 6133     0.00126264
 6134     0.00126167
 6135     0.00126069
 6136     0.00125972
 6137     0.00125875
 6138     0.00125778
 6139     0.00125681
 6140     0.00125584
 6141     0.00125487
 6142     0.00125391
 6143     0.00125294
 6144     0.00125197
 6145     0.00125101
 6146     0.00125004
 6147     0.00124908
 6148     0.00124812
 6149     0.00124715
 6150     0.00124619
 6151     0.00124523
 6152     0.00124427
 6153     0.00124331
 6154     0.00124235
 6155      0.0012414
 6156     0.00124044
 6157     0.00123948
 6158     0.00123853
 6159     0.00123757
 6160     0.00123662
 6161     0.00123567
 6162     0.00123471
 6163     0.00123376
 6164     0.00123281
 6165     0.00123186
 6166     0.00123091
 6167     0.00122996
 6168     0.00122901
 6169     0.00122806
 6170     0.00122712
 6171     0.00122617
 6172     0.00122523
 6173     0.00122428
 6174     0.00122334
 6175      0.0012224
 6176     0.00122145
 6177     0.00122051
 6178     0.00121957
 6179     0.00121863
 6180     0.00121769
 6181     0.00121675
 6182     0.00121581
 6183     0.00121488
 6184     0.00121394
 6185       0.001213
 6186     0.00121207
 6187     0.00121113
 6188      0.0012102
 6189     0.00120927
 6190     0.00120833
 6191      0.0012074
 6192     0.00120647
 6193     0.00120554
 6194     0.00120461
 6195     0.00120368
 6196     0.00120276
 6197     0.00120183
 6198      0.0012009
 6199     0.00119998
 6200     0.00119905
 6201     0.00119813
 6202      0.0011972
 6203     0.00119628
 6204     0.00119536
 6205     0.00119444
 6206     0.00119352
 6207      0.0011926
 6208     0.00119168
 6209     0.00119076
 6210     0.00118984
 6211     0.00118892
 6212     0.00118801
 6213     0.00118709
 6214     0.00118617
 6215     0.00118526
 6216     0.00118435
 6217     0.00118343
 6218     0.00118252
 6219     0.00118161
 6220      0.0011807
 6221     0.00117979
 6222     0.00117888
 6223     0.00117797
 6224     0.00117706
 6225     0.00117615
 6226     0.00117525
 6227     0.00117434
 6228     0.00117343
 6229     0.00117253
 6230     0.00117163
 6231     0.00117072
 6232     0.00116982
 6233     0.00116892
 6234     0.00116802
 6235     0.00116712
 6236     0.00116622
 6237     0.00116532
 6238     0.00116442
 6239     0.00116352
 6240     0.00116262
 6241     0.00116173
 6242     0.00116083
 6243     0.00115994
 6244     0.00115904
 6245     0.00115815
 6246     0.00115726
 6247     0.00115636
 6248     0.00115547
 6249     0.00115458
 6250     0.00115369
 6251      0.0011528
 6252     0.00115191
 6253     0.00115103
 6254     0.00115014
 6255     0.00114925
 6256     0.00114837
 6257     0.00114748
 6258      0.0011466
 6259     0.00114571
 6260     0.00114483
 6261     0.00114395
 6262     0.00114306
 6263     0.00114218
 6264      0.0011413
 6265     0.00114042
 6266     0.00113954
 6267     0.00113866
 6268     0.00113779
 6269     0.00113691
 6270     0.00113603
 6271     0.00113516
 6272     0.00113428
 6273     0.00113341
 6274     0.00113253
 6275     0.00113166
 6276     0.00113079
 6277     0.00112992
 6278     0.00112905
 6279     0.00112817
 6280      0.0011273
 6281     0.00112644
 6282     0.00112557
 6283      0.0011247
 6284     0.00112383
 6285     0.00112297
 6286      0.0011221
 6287     0.00112124
 6288     0.00112037
 6289     0.00111951
 6290     0.00111864
 6291     0.00111778
 6292     0.00111692
 6293     0.00111606
 6294      0.0011152
 6295     0.00111434
 6296     0.00111348
 6297     0.00111262
 6298     0.00111176
 6299     0.00111091
 6300     0.00111005
 6301     0.00110919
 6302     0.00110834
 6303     0.00110748
 6304     0.00110663
 6305     0.00110578
 6306     0.00110492
 6307     0.00110407
 6308     0.00110322
 6309     0.00110237
 6310     0.00110152
 6311     0.00110067
 6312     0.00109982
 6313     0.00109898
 6314     0.00109813
 6315     0.00109728
 6316     0.00109644
 6317     0.00109559
 6318     0.00109475
 6319      0.0010939
 6320     0.00109306
 6321     0.00109222
 6322     0.00109137
 6323     0.00109053
 6324     0.00108969
 6325     0.00108885
 6326     0.00108801
 6327     0.00108717
 6328     0.00108633
 6329      0.0010855
 6330     0.00108466
 6331     0.00108382
 6332     0.00108299
 6333     0.00108215
 6334     0.00108132
 6335     0.00108049
 6336     0.00107965
 6337     0.00107882
 6338     0.00107799
 6339     0.00107716
 6340     0.00107633
 6341      0.0010755
 6342     0.00107467
 6343     0.00107384
 6344     0.00107301
 6345     0.00107218
 6346     0.00107136
 6347     0.00107053
 6348     0.00106971
 6349     0.00106888
 6350     0.00106806
 6351     0.00106723
 6352     0.00106641
 6353     0.00106559
 6354     0.00106477
 6355     0.00106395
 6356     0.00106313
 6357     0.00106231
 6358     0.00106149
 6359     0.00106067
 6360     0.00105985
 6361     0.00105903
 6362     0.00105822
 6363      0.0010574
 6364     0.00105659
 6365     0.00105577
 6366     0.00105496
 6367     0.00105414
 6368     0.00105333
 6369     0.00105252
 6370     0.00105171
 6371      0.0010509
 6372     0.00105009
 6373     0.00104928
 6374     0.00104847
 6375     0.00104766
 6376     0.00104685
 6377     0.00104605
 6378     0.00104524
 6379     0.00104443
 6380     0.00104363
 6381     0.00104282
 6382     0.00104202
 6383     0.00104122
 6384     0.00104041
 6385     0.00103961
 6386     0.00103881
 6387     0.00103801
 6388     0.00103721
 6389     0.00103641
 6390     0.00103561
 6391     0.00103481
 6392     0.00103401
 6393     0.00103322
 6394     0.00103242
 6395     0.00103162
 6396     0.00103083
 6397     0.00103003
 6398     0.00102924
 6399     0.00102845
 6400     0.00102765
 6401     0.00102686
 6402     0.00102607
 6403     0.00102528
 6404     0.00102449
 6405      0.0010237
 6406     0.00102291
 6407     0.00102212
 6408     0.00102133
 6409     0.00102055
 6410     0.00101976
 6411     0.00101897
 6412     0.00101819
 6413      0.0010174
 6414     0.00101662
 6415     0.00101583
 6416     0.00101505
 6417     0.00101427
 6418     0.00101349
 6419      0.0010127
 6420     0.00101192
 6421     0.00101114
 6422     0.00101036
 6423     0.00100958
 6424     0.00100881
 6425     0.00100803
 6426     0.00100725
 6427     0.00100648
 6428      0.0010057
 6429     0.00100492
 6430     0.00100415
 6431     0.00100337
 6432      0.0010026
 6433     0.00100183
 6434     0.00100106
 6435     0.00100028
 6436    0.000999513
 6437    0.000998742
 6438    0.000997972
 6439    0.000997203
 6440    0.000996434
 6441    0.000995666
 6442    0.000994898
 6443    0.000994131
 6444    0.000993365
 6445    0.000992599
 6446    0.000991834
 6447    0.000991069
 6448    0.000990305
 6449    0.000989542
 6450    0.000988779
 6451    0.000988016
 6452    0.000987255
 6453    0.000986494
 6454    0.000985733
 6455    0.000984973
 6456    0.000984214
 6457    0.000983455
 6458    0.000982697
 6459    0.000981939
 6460    0.000981182
 6461    0.000980426
 6462     0.00097967
 6463    0.000978914
 6464     0.00097816
 6465    0.000977406
 6466    0.000976652
 6467    0.000975899
 6468    0.000975147
 6469    0.000974395
 6470    0.000973644
 6471    0.000972893
 6472    0.000972143
 6473    0.000971393
 6474    0.000970645
 6475    0.000969896
 6476    0.000969148
 6477    0.000968401
 6478    0.000967655
 6479    0.000966909
 6480    0.000966163
 6481    0.000965418
 6482    0.000964674
 6483     0.00096393
 6484    0.000963187
 6485    0.000962445
 6486    0.000961703
 6487    0.000960961
 6488     0.00096022
 6489     0.00095948
 6490     0.00095874
 6491    0.000958001
 6492    0.000957262
 6493    0.000956524
 6494    0.000955787
 6495     0.00095505
 6496    0.000954314
 6497    0.000953578
 6498    0.000952843
 6499    0.000952108
 6500    0.000951374
 6501    0.000950641
 6502    0.000949908
 6503    0.000949176
 6504    0.000948444
 6505    0.000947713
 6506    0.000946982
 6507    0.000946252
 6508    0.000945522
 6509    0.000944793
 6510    0.000944065
 6511    0.000943337
 6512     0.00094261
 6513    0.000941883
 6514    0.000941157
 6515    0.000940431
 6516    0.000939706
 6517    0.000938982
 6518    0.000938258
 6519    0.000937535
 6520    0.000936812
 6521    0.000936089
 6522    0.000935368
 6523    0.000934647
 6524    0.000933926
 6525    0.000933206
 6526    0.000932487
 6527    0.000931768
 6528    0.000931049
 6529    0.000930331
 6530    0.000929614
 6531    0.000928898
 6532    0.000928181
 6533    0.000927466
 6534    0.000926751
 6535    0.000926036
 6536    0.000925322
 6537    0.000924609
 6538    0.000923896
 6539    0.000923184
 6540    0.000922472
 6541    0.000921761
 6542     0.00092105
 6543     0.00092034
 6544    0.000919631
 6545    0.000918922
 6546    0.000918213
 6547    0.000917505
 6548    0.000916798
 6549    0.000916091
 6550    0.000915385
 6551    0.000914679
 6552    0.000913974
 6553    0.000913269
 6554    0.000912565
 6555    0.000911862
 6556    0.000911159
 6557    0.000910456
 6558    0.000909754
 6559    0.000909053
 6560    0.000908352
 6561    0.000907652
 6562    0.000906952
 6563    0.000906253
 6564    0.000905554
 6565    0.000904856
 6566    0.000904158
 6567    0.000903461
 6568    0.000902765
 6569    0.000902069
 6570    0.000901373
 6571    0.000900678
 6572    0.000899984
 6573     0.00089929
 6574    0.000898597
 6575    0.000897904
 6576    0.000897212
 6577     0.00089652
 6578    0.000895829
 6579    0.000895138
 6580    0.000894448
 6581    0.000893758
 6582    0.000893069
 6583    0.000892381
 6584    0.000891693
 6585    0.000891005
 6586    0.000890318
 6587    0.000889632
 6588    0.000888946
 6589    0.000888261
 6590    0.000887576
 6591    0.000886892
 6592    0.000886208
 6593    0.000885525
 6594    0.000884842
 6595     0.00088416
 6596    0.000883478
 6597    0.000882797
 6598    0.000882116
 6599    0.000881436
 6600    0.000880757
 6601    0.000880078
 6602    0.000879399
 6603    0.000878721
 6604    0.000878044
 6605    0.000877367
 6606     0.00087669
 6607    0.000876014
 6608    0.000875339
 6609    0.000874664
 6610     0.00087399
 6611    0.000873316
 6612    0.000872643
 6613     0.00087197
 6614    0.000871298
 6615    0.000870626
 6616    0.000869955
 6617    0.000869284
 6618    0.000868614
 6619    0.000867944
 6620    0.000867275
 6621    0.000866606
 6622    0.000865938
 6623    0.000865271
 6624    0.000864604
 6625    0.000863937
 6626    0.000863271
 6627    0.000862605
 6628     0.00086194
 6629    0.000861276
 6630    0.000860612
 6631    0.000859948
 6632    0.000859285
 6633    0.000858623
 6634    0.000857961
 6635    0.000857299
 6636    0.000856638
 6637    0.000855978
 6638    0.000855318
 6639    0.000854659
 6640       0.000854
 6641    0.000853341
 6642    0.000852684
 6643    0.000852026
 6644    0.000851369
 6645    0.000850713
 6646    0.000850057
 6647    0.000849402
 6648    0.000848747
 6649    0.000848092
 6650    0.000847439
 6651    0.000846785
 6652    0.000846132
 6653     0.00084548
 6654    0.000844828
 6655    0.000844177
 6656    0.000843526
 6657    0.000842876
 6658    0.000842226
 6659    0.000841577
 6660    0.000840928
 6661    0.000840279
 6662    0.000839632
 6663    0.000838984
 6664    0.000838337
 6665    0.000837691
 6666    0.000837045
 6667      0.0008364
 6668    0.000835755
 6669    0.000835111
 6670    0.000834467
 6671    0.000833824
 6672    0.000833181
 6673    0.000832538
 6674    0.000831897
 6675    0.000831255
 6676    0.000830614
 6677    0.000829974
 6678    0.000829334
 6679    0.000828695
 6680    0.000828056
 6681    0.000827417
 6682    0.000826779
 6683    0.000826142
 6684    0.000825505
 6685    0.000824869
 6686    0.000824233
 6687    0.000823597
 6688    0.000822962
 6689    0.000822328
 6690    0.000821694
 6691     0.00082106
 6692    0.000820427
 6693    0.000819795
 6694    0.000819163
 6695    0.000818531
 6696      0.0008179
 6697     0.00081727
 6698     0.00081664
 6699     0.00081601
 6700    0.000815381
 6701    0.000814752
 6702    0.000814124
 6703    0.000813496
 6704    0.000812869
 6705    0.000812243
 6706    0.000811616
 6707    0.000810991
 6708    0.000810365
 6709    0.000809741
 6710    0.000809116
 6711    0.000808493
 6712    0.000807869
 6713    0.000807246
 6714    0.000806624
 6715    0.000806002
 6716    0.000805381
 6717     0.00080476
 6718    0.000804139
 6719    0.000803519
 6720      0.0008029
 6721    0.000802281
 6722    0.000801662
 6723    0.000801044
 6724    0.000800427
 6725     0.00079981
 6726    0.000799193
 6727    0.000798577
 6728    0.000797961
 6729    0.000797346
 6730    0.000796731
 6731    0.000796117
 6732    0.000795503
 6733     0.00079489
 6734    0.000794277
 6735    0.000793665
 6736    0.000793053
 6737    0.000792441
 6738    0.000791831
 6739     0.00079122
 6740     0.00079061
 6741    0.000790001
 6742    0.000789391
 6743    0.000788783
 6744    0.000788175
 6745    0.000787567
 6746     0.00078696
 6747    0.000786353
 6748    0.000785747
 6749    0.000785141
 6750    0.000784536
 6751    0.000783931
 6752    0.000783327
 6753    0.000782723
 6754    0.000782119
 6755    0.000781516
 6756    0.000780914
 6757    0.000780312
 6758     0.00077971
 6759    0.000779109
 6760    0.000778508
 6761    0.000777908
 6762    0.000777308
 6763    0.000776709
 6764     0.00077611
 6765    0.000775512
 6766    0.000774914
 6767    0.000774317
 6768     0.00077372
 6769    0.000773123
 6770    0.000772527
 6771    0.000771931
 6772    0.000771336
 6773    0.000770742
 6774    0.000770147
 6775    0.000769554
 6776     0.00076896
 6777    0.000768368
 6778    0.000767775
 6779    0.000767183
 6780    0.000766592
 6781    0.000766001
 6782     0.00076541
 6783     0.00076482
 6784     0.00076423
 6785    0.000763641
 6786    0.000763053
 6787    0.000762464
 6788    0.000761876
 6789    0.000761289
 6790    0.000760702
 6791    0.000760116
 6792     0.00075953
 6793    0.000758944
 6794    0.000758359
 6795    0.000757774
 6796     0.00075719
 6797    0.000756606
 6798    0.000756023
 6799     0.00075544
 6800    0.000754858
 6801    0.000754276
 6802    0.000753694
 6803    0.000753113
 6804    0.000752532
 6805    0.000751952
 6806    0.000751373
 6807    0.000750793
 6808    0.000750214
 6809    0.000749636
 6810    0.000749058
 6811    0.000748481
 6812    0.000747904
 6813    0.000747327
 6814    0.000746751
 6815    0.000746175
 6816      0.0007456
 6817    0.000745025
 6818    0.000744451
 6819    0.000743877
 6820    0.000743303
 6821     0.00074273
 6822    0.000742157
 6823    0.000741585
 6824    0.000741014
 6825    0.000740442
 6826    0.000739871
 6827    0.000739301
 6828    0.000738731
 6829    0.000738161
 6830    0.000737592
 6831    0.000737024
 6832    0.000736456
 6833    0.000735888
 6834     0.00073532
 6835    0.000734753
 6836    0.000734187
 6837    0.000733621
 6838    0.000733055
 6839     0.00073249
 6840    0.000731926
 6841    0.000731361
 6842    0.000730797
 6843    0.000730234
 6844    0.000729671
 6845    0.000729108
 6846    0.000728546
 6847    0.000727985
 6848    0.000727423
 6849    0.000726863
 6850    0.000726302
 6851    0.000725742
 6852    0.000725183
 6853    0.000724624
 6854    0.000724065
 6855    0.000723507
 6856    0.000722949
 6857    0.000722392
 6858    0.000721835
 6859    0.000721278
 6860    0.000720722
 6861    0.000720166
 6862    0.000719611
 6863    0.000719056
 6864    0.000718502
 6865    0.000717948
 6866    0.000717395
 6867    0.000716841
 6868    0.000716289
 6869    0.000715737
 6870    0.000715185
 6871    0.000714633
 6872    0.000714082
 6873    0.000713532
 6874    0.000712982
 6875    0.000712432
 6876    0.000711883
 6877    0.000711334
 6878    0.000710786
 6879    0.000710238
 6880     0.00070969
 6881    0.000709143
 6882    0.000708596
 6883     0.00070805
 6884    0.000707504
 6885    0.000706959
 6886    0.000706413
 6887    0.000705869
 6888    0.000705325
 6889    0.000704781
 6890    0.000704238
 6891    0.000703695
 6892    0.000703152
 6893     0.00070261
 6894    0.000702068
 6895    0.000701527
 6896    0.000700986
 6897    0.000700446
 6898    0.000699906
 6899    0.000699366
 6900    0.000698827
 6901    0.000698288
 6902     0.00069775
 6903    0.000697212
 6904    0.000696674
 6905    0.000696137
 6906    0.000695601
 6907    0.000695064
 6908    0.000694528
 6909    0.000693993
 6910    0.000693458
 6911    0.000692923
 6912    0.000692389
 6913    0.000691855
 6914    0.000691322
 6915    0.000690789
 6916    0.000690256
 6917    0.000689724
 6918    0.000689192
 6919    0.000688661
 6920     0.00068813
 6921      0.0006876
 6922    0.000687069
 6923     0.00068654
 6924     0.00068601
 6925    0.000685482
 6926    0.000684953
 6927    0.000684425
 6928    0.000683897
 6929     0.00068337
 6930    0.000682843
 6931    0.000682317
 6932    0.000681791
 6933    0.000681265
 6934     0.00068074
 6935    0.000680215
 6936    0.000679691
 6937    0.000679167
 6938    0.000678643
 6939     0.00067812
 6940    0.000677597
 6941    0.000677075
 6942    0.000676553
 6943    0.000676031
 6944     0.00067551
 6945    0.000674989
 6946    0.000674469
 6947    0.000673949
 6948    0.000673429
 6949     0.00067291
 6950    0.000672391
 6951    0.000671873
 6952    0.000671355
 6953    0.000670837
 6954     0.00067032
 6955    0.000669803
 6956    0.000669287
 6957    0.000668771
 6958    0.000668255
 6959     0.00066774
 6960    0.000667225
 6961    0.000666711
 6962    0.000666197
 6963    0.000665683
 6964     0.00066517
 6965    0.000664657
 6966    0.000664145
 6967    0.000663633
 6968    0.000663121
 6969     0.00066261
 6970    0.000662099
 6971    0.000661588
 6972    0.000661078
 6973    0.000660569
 6974    0.000660059
 6975     0.00065955
 6976    0.000659042
 6977    0.000658534
 6978    0.000658026
 6979    0.000657519
 6980    0.000657012
 6981    0.000656505
 6982    0.000655999
 6983    0.000655494
 6984    0.000654988
 6985    0.000654483
 6986    0.000653979
 6987    0.000653474
 6988    0.000652971
 6989    0.000652467
 6990    0.000651964
 6991    0.000651462
 6992    0.000650959
 6993    0.000650457
 6994    0.000649956
 6995    0.000649455
 6996    0.000648954
 6997    0.000648454
 6998    0.000647954
 6999    0.000647454
 7000    0.000646955
 7001    0.000646456
 7002    0.000645958
 7003     0.00064546
 7004    0.000644962
 7005    0.000644465
 7006    0.000643968
 7007    0.000643472
 7008    0.000642976
 7009     0.00064248
 7010    0.000641985
 7011     0.00064149
 7012    0.000640995
 7013    0.000640501
 7014    0.000640007
 7015    0.000639514
 7016    0.000639021
 7017    0.000638528
 7018    0.000638036
 7019    0.000637544
 7020    0.000637052
 7021    0.000636561
 7022     0.00063607
 7023     0.00063558
 7024     0.00063509
 7025      0.0006346
 7026    0.000634111
 7027    0.000633622
 7028    0.000633134
 7029    0.000632646
 7030    0.000632158
 7031     0.00063167
 7032    0.000631183
 7033    0.000630697
 7034    0.000630211
 7035    0.000629725
 7036    0.000629239
 7037    0.000628754
 7038    0.000628269
 7039    0.000627785
 7040    0.000627301
 7041    0.000626817
 7042    0.000626334
 7043    0.000625851
 7044    0.000625369
 7045    0.000624887
 7046    0.000624405
 7047    0.000623923
 7048    0.000623442
 7049    0.000622962
 7050    0.000622482
 7051    0.000622002
 7052    0.000621522
 7053    0.000621043
 7054    0.000620564
 7055    0.000620086
 7056    0.000619608
 7057     0.00061913
 7058    0.000618653
 7059    0.000618176
 7060    0.000617699
 7061    0.000617223
 7062    0.000616747
 7063    0.000616271
 7064    0.000615796
 7065    0.000615322
 7066    0.000614847
 7067    0.000614373
 7068    0.000613899
 7069    0.000613426
 7070    0.000612953
 7071    0.000612481
 7072    0.000612008
 7073    0.000611537
 7074    0.000611065
 7075    0.000610594
 7076    0.000610123
 7077    0.000609653
 7078    0.000609183
 7079    0.000608713
 7080    0.000608244
 7081    0.000607775
 7082    0.000607306
 7083    0.000606838
 7084     0.00060637
 7085    0.000605903
 7086    0.000605436
 7087    0.000604969
 7088    0.000604503
 7089    0.000604037
 7090    0.000603571
 7091    0.000603106
 7092    0.000602641
 7093    0.000602176
 7094    0.000601712
 7095    0.000601248
 7096    0.000600784
 7097    0.000600321
 7098    0.000599858
 7099    0.000599396
 7100    0.000598934
 7101    0.000598472
 7102    0.000598011
 7103    0.000597549
 7104    0.000597089
 7105    0.000596628
 7106    0.000596168
 7107    0.000595709
 7108     0.00059525
 7109    0.000594791
 7110    0.000594332
 7111    0.000593874
 7112    0.000593416
 7113    0.000592959
 7114    0.000592501
 7115    0.000592045
 7116    0.000591588
 7117    0.000591132
 7118    0.000590676
 7119    0.000590221
 7120    0.000589766
 7121    0.000589311
 7122    0.000588857
 7123    0.000588403
 7124    0.000587949
 7125    0.000587496
 7126    0.000587043
 7127     0.00058659
 7128    0.000586138
 7129    0.000585686
 7130    0.000585235
 7131    0.000584784
 7132    0.000584333
 7133    0.000583882
 7134    0.000583432
 7135    0.000582982
 7136    0.000582533
 7137    0.000582084
 7138    0.000581635
 7139    0.000581186
 7140    0.000580738
 7141    0.000580291
 7142    0.000579843
 7143    0.000579396
 7144     0.00057895
 7145    0.000578503
 7146    0.000578057
 7147    0.000577612
 7148    0.000577166
 7149    0.000576721
 7150    0.000576277
 7151    0.000575832
 7152    0.000575388
 7153    0.000574945
 7154    0.000574502
 7155    0.000574059
 7156    0.000573616
 7157    0.000573174
 7158    0.000572732
 7159     0.00057229
 7160    0.000571849
 7161    0.000571408
 7162    0.000570968
 7163    0.000570528
 7164    0.000570088
 7165    0.000569648
 7166    0.000569209
 7167     0.00056877
 7168    0.000568332
 7169    0.000567893
 7170    0.000567456
 7171    0.000567018
 7172    0.000566581
 7173    0.000566144
 7174    0.000565708
 7175    0.000565272
 7176    0.000564836
 7177      0.0005644
 7178    0.000563965
 7179     0.00056353
 7180    0.000563096
 7181    0.000562662
 7182    0.000562228
 7183    0.000561795
 7184    0.000561361
 7185    0.000560929
 7186    0.000560496
 7187    0.000560064
 7188    0.000559632
 7189    0.000559201
 7190     0.00055877
 7191    0.000558339
 7192    0.000557908
 7193    0.000557478
 7194    0.000557049
 7195    0.000556619
 7196     0.00055619
 7197    0.000555761
 7198    0.000555333
 7199    0.000554904
 7200    0.000554477
 7201    0.000554049
 7202    0.000553622
 7203    0.000553195
 7204    0.000552769
 7205    0.000552343
 7206    0.000551917
 7207    0.000551491
 7208    0.000551066
 7209    0.000550641
 7210    0.000550217
 7211    0.000549792
 7212    0.000549369
 7213    0.000548945
 7214    0.000548522
 7215    0.000548099
 7216    0.000547676
 7217    0.000547254
 7218    0.000546832
 7219    0.000546411
 7220    0.000545989
 7221    0.000545568
 7222    0.000545148
 7223    0.000544728
 7224    0.000544308
 7225    0.000543888
 7226    0.000543469
 7227     0.00054305
 7228    0.000542631
 7229    0.000542213
 7230    0.000541795
 7231    0.000541377
 7232    0.000540959
 7233    0.000540542
 7234    0.000540126
 7235    0.000539709
 7236    0.000539293
 7237    0.000538877
 7238    0.000538462
 7239    0.000538047
 7240    0.000537632
 7241    0.000537217
 7242    0.000536803
 7243    0.000536389
 7244    0.000535976
 7245    0.000535563
 7246     0.00053515
 7247    0.000534737
 7248    0.000534325
 7249    0.000533913
 7250    0.000533501
 7251     0.00053309
 7252    0.000532679
 7253    0.000532268
 7254    0.000531858
 7255    0.000531448
 7256    0.000531038
 7257    0.000530629
 7258     0.00053022
 7259    0.000529811
 7260    0.000529403
 7261    0.000528994
 7262    0.000528587
 7263    0.000528179
 7264    0.000527772
 7265    0.000527365
 7266    0.000526958
 7267    0.000526552
 7268    0.000526146
 7269     0.00052574
 7270    0.000525335
 7271     0.00052493
 7272    0.000524525
 7273    0.000524121
 7274    0.000523717
 7275    0.000523313
 7276     0.00052291
 7277    0.000522507
 7278    0.000522104
 7279    0.000521701
 7280    0.000521299
 7281    0.000520897
 7282    0.000520496
 7283    0.000520094
 7284    0.000519693
 7285    0.000519293
 7286    0.000518892
 7287    0.000518492
 7288    0.000518092
 7289    0.000517693
 7290    0.000517294
 7291    0.000516895
 7292    0.000516497
 7293    0.000516098
 7294    0.000515701
 7295    0.000515303
 7296    0.000514906
 7297    0.000514509
 7298    0.000514112
 7299    0.000513716
 7300     0.00051332
 7301    0.000512924
 7302    0.000512528
 7303    0.000512133
 7304    0.000511738
 7305    0.000511344
 7306     0.00051095
 7307    0.000510556
 7308    0.000510162
 7309    0.000509769
 7310    0.000509376
 7311    0.000508983
 7312    0.000508591
 7313    0.000508199
 7314    0.000507807
 7315    0.000507415
 7316    0.000507024
 7317    0.000506633
 7318    0.000506243
 7319    0.000505852
 7320    0.000505462
 7321    0.000505073
 7322    0.000504683
 7323    0.000504294
 7324    0.000503905
 7325    0.000503517
 7326    0.000503129
 7327    0.000502741
 7328    0.000502353
 7329    0.000501966
 7330    0.000501579
 7331    0.000501192
 7332    0.000500806
 7333     0.00050042
 7334    0.000500034
 7335    0.000499648
 7336    0.000499263
 7337    0.000498878
 7338    0.000498494
 7339    0.000498109
 7340    0.000497725
 7341    0.000497342
 7342    0.000496958
 7343    0.000496575
 7344    0.000496192
 7345     0.00049581
 7346    0.000495427
 7347    0.000495045
 7348    0.000494664
 7349    0.000494282
 7350    0.000493901
 7351     0.00049352
 7352     0.00049314
 7353     0.00049276
 7354     0.00049238
 7355       0.000492
 7356    0.000491621
 7357    0.000491242
 7358    0.000490863
 7359    0.000490485
 7360    0.000490107
 7361    0.000489729
 7362    0.000489351
 7363    0.000488974
 7364    0.000488597
 7365     0.00048822
 7366    0.000487844
 7367    0.000487468
 7368    0.000487092
 7369    0.000486716
 7370    0.000486341
 7371    0.000485966
 7372    0.000485592
 7373    0.000485217
 7374    0.000484843
 7375    0.000484469
 7376    0.000484096
 7377    0.000483723
 7378     0.00048335
 7379    0.000482977
 7380    0.000482605
 7381    0.000482233
 7382    0.000481861
 7383    0.000481489
 7384    0.000481118
 7385    0.000480747
 7386    0.000480377
 7387    0.000480006
 7388    0.000479636
 7389    0.000479266
 7390    0.000478897
 7391    0.000478528
 7392    0.000478159
 7393     0.00047779
 7394    0.000477422
 7395    0.000477054
 7396    0.000476686
 7397    0.000476318
 7398    0.000475951
 7399    0.000475584
 7400    0.000475217
 7401    0.000474851
 7402    0.000474485
 7403    0.000474119
 7404    0.000473754
 7405    0.000473388
 7406    0.000473023
 7407    0.000472659
 7408    0.000472294
 7409     0.00047193
 7410    0.000471566
 7411    0.000471203
 7412     0.00047084
 7413    0.000470477
 7414    0.000470114
 7415    0.000469751
 7416    0.000469389
 7417    0.000469027
 7418    0.000468666
 7419    0.000468304
 7420    0.000467943
 7421    0.000467583
 7422    0.000467222
 7423    0.000466862
 7424    0.000466502
 7425    0.000466142
 7426    0.000465783
 7427    0.000465424
 7428    0.000465065
 7429    0.000464706
 7430    0.000464348
 7431     0.00046399
 7432    0.000463632
 7433    0.000463275
 7434    0.000462918
 7435    0.000462561
 7436    0.000462204
 7437    0.000461848
 7438    0.000461492
 7439    0.000461136
 7440    0.000460781
 7441    0.000460425
 7442     0.00046007
 7443    0.000459716
 7444    0.000459361
 7445    0.000459007
 7446    0.000458653
 7447      0.0004583
 7448    0.000457946
 7449    0.000457593
 7450     0.00045724
 7451    0.000456888
 7452    0.000456536
 7453    0.000456184
 7454    0.000455832
 7455    0.000455481
 7456    0.000455129
 7457    0.000454779
 7458    0.000454428
 7459    0.000454078
 7460    0.000453728
 7461    0.000453378
 7462    0.000453028
 7463    0.000452679
 7464     0.00045233
 7465    0.000451981
 7466    0.000451633
 7467    0.000451285
 7468    0.000450937
 7469    0.000450589
 7470    0.000450242
 7471    0.000449894
 7472    0.000449548
 7473    0.000449201
 7474    0.000448855
 7475    0.000448509
 7476    0.000448163
 7477    0.000447817
 7478    0.000447472
 7479    0.000447127
 7480    0.000446782
 7481    0.000446438
 7482    0.000446094
 7483     0.00044575
 7484    0.000445406
 7485    0.000445063
 7486     0.00044472
 7487    0.000444377
 7488    0.000444034
 7489    0.000443692
 7490     0.00044335
 7491    0.000443008
 7492    0.000442666
 7493    0.000442325
 7494    0.000441984
 7495    0.000441643
 7496    0.000441303
 7497    0.000440963
 7498    0.000440623
 7499    0.000440283
 7500    0.000439944
 7501    0.000439604
 7502    0.000439265
 7503    0.000438927
 7504    0.000438588
 7505     0.00043825
 7506    0.000437912
 7507    0.000437575
 7508    0.000437237
 7509      0.0004369
 7510    0.000436563
 7511    0.000436227
 7512    0.000435891
 7513    0.000435555
 7514    0.000435219
 7515    0.000434883
 7516    0.000434548
 7517    0.000434213
 7518    0.000433878
 7519    0.000433544
 7520    0.000433209
 7521    0.000432875
 7522    0.000432542
 7523    0.000432208
 7524    0.000431875
 7525    0.000431542
 7526    0.000431209
 7527    0.000430877
 7528    0.000430545
 7529    0.000430213
 7530    0.000429881
 7531     0.00042955
 7532    0.000429218
 7533    0.000428888
 7534    0.000428557
 7535    0.000428227
 7536    0.000427896
 7537    0.000427566
 7538    0.000427237
 7539    0.000426907
 7540    0.000426578
 7541    0.000426249
 7542    0.000425921
 7543    0.000425592
 7544    0.000425264
 7545    0.000424936
 7546    0.000424609
 7547    0.000424281
 7548    0.000423954
 7549    0.000423628
 7550    0.000423301
 7551    0.000422975
 7552    0.000422648
 7553    0.000422323
 7554    0.000421997
 7555    0.000421672
 7556    0.000421347
 7557    0.000421022
 7558    0.000420697
 7559    0.000420373
 7560    0.000420049
 7561    0.000419725
 7562    0.000419401
 7563    0.000419078
 7564    0.000418755
 7565    0.000418432
 7566    0.000418109
 7567    0.000417787
 7568    0.000417465
 7569    0.000417143
 7570    0.000416822
 7571      0.0004165
 7572    0.000416179
 7573    0.000415858
 7574    0.000415538
 7575    0.000415217
 7576    0.000414897
 7577    0.000414577
 7578    0.000414258
 7579    0.000413938
 7580    0.000413619
 7581      0.0004133
 7582    0.000412982
 7583    0.000412663
 7584    0.000412345
 7585    0.000412027
 7586    0.000411709
 7587    0.000411392
 7588    0.000411075
 7589    0.000410758
 7590    0.000410441
 7591    0.000410125
 7592    0.000409809
 7593    0.000409493
 7594    0.000409177
 7595    0.000408862
 7596    0.000408546
 7597    0.000408231
 7598    0.000407917
 7599    0.000407602
 7600    0.000407288
 7601    0.000406974
 7602     0.00040666
 7603    0.000406347
 7604    0.000406033
 7605     0.00040572
 7606    0.000405408
 7607    0.000405095
 7608    0.000404783
 7609    0.000404471
 7610    0.000404159
 7611    0.000403847
 7612    0.000403536
 7613    0.000403225
 7614    0.000402914
 7615    0.000402603
 7616    0.000402293
 7617    0.000401983
 7618    0.000401673
 7619    0.000401363
 7620    0.000401054
 7621    0.000400744
 7622    0.000400435
 7623    0.000400127
 7624    0.000399818
 7625     0.00039951
 7626    0.000399202
 7627    0.000398894
 7628    0.000398587
 7629    0.000398279
 7630    0.000397972
 7631    0.000397666
 7632    0.000397359
 7633    0.000397053
 7634    0.000396746
 7635    0.000396441
 7636    0.000396135
 7637     0.00039583
 7638    0.000395524
 7639    0.000395219
 7640    0.000394915
 7641     0.00039461
 7642    0.000394306
 7643    0.000394002
 7644    0.000393698
 7645    0.000393395
 7646    0.000393091
 7647    0.000392788
 7648    0.000392486
 7649    0.000392183
 7650    0.000391881
 7651    0.000391578
 7652    0.000391277
 7653    0.000390975
 7654    0.000390674
 7655    0.000390372
 7656    0.000390071
 7657    0.000389771
 7658     0.00038947
 7659     0.00038917
 7660     0.00038887
 7661     0.00038857
 7662     0.00038827
 7663    0.000387971
 7664    0.000387672
 7665    0.000387373
 7666    0.000387074
 7667    0.000386776
 7668    0.000386478
 7669     0.00038618
 7670    0.000385882
 7671    0.000385585
 7672    0.000385287
 7673     0.00038499
 7674    0.000384694
 7675    0.000384397
 7676    0.000384101
 7677    0.000383804
 7678    0.000383509
 7679    0.000383213
 7680    0.000382917
 7681    0.000382622
 7682    0.000382327
 7683    0.000382032
 7684    0.000381738
 7685    0.000381444
 7686     0.00038115
 7687    0.000380856
 7688    0.000380562
 7689    0.000380269
 7690    0.000379976
 7691    0.000379683
 7692     0.00037939
 7693    0.000379097
 7694    0.000378805
 7695    0.000378513
 7696    0.000378221
 7697     0.00037793
 7698    0.000377638
 7699    0.000377347
 7700    0.000377056
 7701    0.000376765
 7702    0.000376475
 7703    0.000376185
 7704    0.000375895
 7705    0.000375605
 7706    0.000375315
 7707    0.000375026
 7708    0.000374737
 7709    0.000374448
 7710    0.000374159
 7711    0.000373871
 7712    0.000373583
 7713    0.000373295
 7714    0.000373007
 7715    0.000372719
 7716    0.000372432
 7717    0.000372145
 7718    0.000371858
 7719    0.000371571
 7720    0.000371285
 7721    0.000370998
 7722    0.000370712
 7723    0.000370427
 7724    0.000370141
 7725    0.000369856
 7726     0.00036957
 7727    0.000369286
 7728    0.000369001
 7729    0.000368716
 7730    0.000368432
 7731    0.000368148
 7732    0.000367864
 7733    0.000367581
 7734    0.000367297
 7735    0.000367014
 7736    0.000366731
 7737    0.000366448
 7738    0.000366166
 7739    0.000365884
 7740    0.000365601
 7741     0.00036532
 7742    0.000365038
 7743    0.000364756
 7744    0.000364475
 7745    0.000364194
 7746    0.000363913
 7747    0.000363633
 7748    0.000363353
 7749    0.000363072
 7750    0.000362793
 7751    0.000362513
 7752    0.000362233
 7753    0.000361954
 7754    0.000361675
 7755    0.000361396
 7756    0.000361118
 7757    0.000360839
 7758    0.000360561
 7759    0.000360283
 7760    0.000360005
 7761    0.000359728
 7762     0.00035945
 7763    0.000359173
 7764    0.000358896
 7765     0.00035862
 7766    0.000358343
 7767    0.000358067
 7768    0.000357791
 7769    0.000357515
 7770    0.000357239
 7771    0.000356964
 7772    0.000356689
 7773    0.000356414
 7774    0.000356139
 7775    0.000355864
 7776     0.00035559
 7777    0.000355316
 7778    0.000355042
 7779    0.000354768
 7780    0.000354495
 7781    0.000354221
 7782    0.000353948
 7783    0.000353675
 7784    0.000353403
 7785     0.00035313
 7786    0.000352858
 7787    0.000352586
 7788    0.000352314
 7789    0.000352043
 7790    0.000351771
 7791      0.0003515
 7792    0.000351229
 7793    0.000350958
 7794    0.000350688
 7795    0.000350417
 7796    0.000350147
 7797    0.000349877
 7798    0.000349607
 7799    0.000349338
 7800    0.000349068
 7801    0.000348799
 7802     0.00034853
 7803    0.000348262
 7804    0.000347993
 7805    0.000347725
 7806    0.000347457
 7807    0.000347189
 7808    0.000346921
 7809    0.000346654
 7810    0.000346387
 7811     0.00034612
 7812    0.000345853
 7813    0.000345586
 7814     0.00034532
 7815    0.000345053
 7816    0.000344787
 7817    0.000344522
 7818    0.000344256
 7819    0.000343991
 7820    0.000343725
 7821     0.00034346
 7822    0.000343196
 7823    0.000342931
 7824    0.000342667
 7825    0.000342402
 7826    0.000342138
 7827    0.000341875
 7828    0.000341611
 7829    0.000341348
 7830    0.000341085
 7831    0.000340822
 7832    0.000340559
 7833    0.000340296
 7834    0.000340034
 7835    0.000339772
 7836     0.00033951
 7837    0.000339248
 7838    0.000338986
 7839    0.000338725
 7840    0.000338464
 7841    0.000338203
 7842    0.000337942
 7843    0.000337682
 7844    0.000337421
 7845    0.000337161
 7846    0.000336901
 7847    0.000336642
 7848    0.000336382
 7849    0.000336123
 7850    0.000335864
 7851    0.000335605
 7852    0.000335346
 7853    0.000335087
 7854    0.000334829
 7855    0.000334571
 7856    0.000334313
 7857    0.000334055
 7858    0.000333798
 7859     0.00033354
 7860    0.000333283
 7861    0.000333026
 7862    0.000332769
 7863    0.000332513
 7864    0.000332257
 7865       0.000332
 7866    0.000331744
 7867    0.000331489
 7868    0.000331233
 7869    0.000330978
 7870    0.000330723
 7871    0.000330468
 7872    0.000330213
 7873    0.000329958
 7874    0.000329704
 7875     0.00032945
 7876    0.000329196
 7877    0.000328942
 7878    0.000328688
 7879    0.000328435
 7880    0.000328182
 7881    0.000327929
 7882    0.000327676
 7883    0.000327423
 7884    0.000327171
 7885    0.000326918
 7886    0.000326666
 7887    0.000326415
 7888    0.000326163
 7889    0.000325911
 7890     0.00032566
 7891    0.000325409
 7892    0.000325158
 7893    0.000324908
 7894    0.000324657
 7895    0.000324407
 7896    0.000324157
 7897    0.000323907
 7898    0.000323657
 7899    0.000323408
 7900    0.000323158
 7901    0.000322909
 7902     0.00032266
 7903    0.000322411
 7904    0.000322163
 7905    0.000321914
 7906    0.000321666
 7907    0.000321418
 7908     0.00032117
 7909    0.000320923
 7910    0.000320675
 7911    0.000320428
 7912    0.000320181
 7913    0.000319934
 7914    0.000319688
 7915    0.000319441
 7916    0.000319195
 7917    0.000318949
 7918    0.000318703
 7919    0.000318457
 7920    0.000318212
 7921    0.000317966
 7922    0.000317721
 7923    0.000317476
 7924    0.000317231
 7925    0.000316987
 7926    0.000316743
 7927    0.000316498
 7928    0.000316254
 7929     0.00031601
 7930    0.000315767
 7931    0.000315523
 7932     0.00031528
 7933    0.000315037
 7934    0.000314794
 7935    0.000314552
 7936    0.000314309
 7937    0.000314067
 7938    0.000313825
 7939    0.000313583
 7940    0.000313341
 7941    0.000313099
 7942    0.000312858
 7943    0.000312617
 7944    0.000312376
 7945    0.000312135
 7946    0.000311894
 7947    0.000311654
 7948    0.000311413
 7949    0.000311173
 7950    0.000310933
 7951    0.000310694
 7952    0.000310454
 7953    0.000310215
 7954    0.000309976
 7955    0.000309737
 7956    0.000309498
 7957    0.000309259
 7958    0.000309021
 7959    0.000308783
 7960    0.000308545
 7961    0.000308307
 7962    0.000308069
 7963    0.000307831
 7964    0.000307594
 7965    0.000307357
 7966     0.00030712
 7967    0.000306883
 7968    0.000306647
 7969     0.00030641
 7970    0.000306174
 7971    0.000305938
 7972    0.000305702
 7973    0.000305466
 7974    0.000305231
 7975    0.000304996
 7976     0.00030476
 7977    0.000304526
 7978    0.000304291
 7979    0.000304056
 7980    0.000303822
 7981    0.000303587
 7982    0.000303353
 7983     0.00030312
 7984    0.000302886
 7985    0.000302652
 7986    0.000302419
 7987    0.000302186
 7988    0.000301953
 7989     0.00030172
 7990    0.000301487
 7991    0.000301255
 7992    0.000301023
 7993    0.000300791
 7994    0.000300559
 7995    0.000300327
 7996    0.000300096
 7997    0.000299864
 7998    0.000299633
 7999    0.000299402
 8000    0.000299171
 8001    0.000298941
 8002     0.00029871
 8003     0.00029848
 8004     0.00029825
 8005     0.00029802
 8006     0.00029779
 8007     0.00029756
 8008    0.000297331
 8009    0.000297102
 8010    0.000296873
 8011    0.000296644
 8012    0.000296415
 8013    0.000296187
 8014    0.000295958
 8015     0.00029573
 8016    0.000295502
 8017    0.000295274
 8018    0.000295047
 8019    0.000294819
 8020    0.000294592
 8021    0.000294365
 8022    0.000294138
 8023    0.000293911
 8024    0.000293684
 8025    0.000293458
 8026    0.000293232
 8027    0.000293006
 8028     0.00029278
 8029    0.000292554
 8030    0.000292328
 8031    0.000292103
 8032    0.000291878
 8033    0.000291653
 8034    0.000291428
 8035    0.000291203
 8036    0.000290979
 8037    0.000290754
 8038     0.00029053
 8039    0.000290306
 8040    0.000290083
 8041    0.000289859
 8042    0.000289635
 8043    0.000289412
 8044    0.000289189
 8045    0.000288966
 8046    0.000288743
 8047    0.000288521
 8048    0.000288298
 8049    0.000288076
 8050    0.000287854
 8051    0.000287632
 8052     0.00028741
 8053    0.000287189
 8054    0.000286967
 8055    0.000286746
 8056    0.000286525
 8057    0.000286304
 8058    0.000286083
 8059    0.000285863
 8060    0.000285642
 8061    0.000285422
 8062    0.000285202
 8063    0.000284982
 8064    0.000284762
 8065    0.000284543
 8066    0.000284323
 8067    0.000284104
 8068    0.000283885
 8069    0.000283666
 8070    0.000283448
 8071    0.000283229
 8072    0.000283011
 8073    0.000282793
 8074    0.000282575
 8075    0.000282357
 8076    0.000282139
 8077    0.000281922
 8078    0.000281704
 8079    0.000281487
 8080     0.00028127
 8081    0.000281053
 8082    0.000280836
 8083     0.00028062
 8084    0.000280404
 8085    0.000280187
 8086    0.000279971
 8087    0.000279756
 8088     0.00027954
 8089    0.000279324
 8090    0.000279109
 8091    0.000278894
 8092    0.000278679
 8093    0.000278464
 8094    0.000278249
 8095    0.000278035
 8096     0.00027782
 8097    0.000277606
 8098    0.000277392
 8099    0.000277178
 8100    0.000276965
 8101    0.000276751
 8102    0.000276538
 8103    0.000276325
 8104    0.000276111
 8105    0.000275899
 8106    0.000275686
 8107    0.000275473
 8108    0.000275261
 8109    0.000275049
 8110    0.000274837
 8111    0.000274625
 8112    0.000274413
 8113    0.000274202
 8114     0.00027399
 8115    0.000273779
 8116    0.000273568
 8117    0.000273357
 8118    0.000273146
 8119    0.000272936
 8120    0.000272725
 8121    0.000272515
 8122    0.000272305
 8123    0.000272095
 8124    0.000271885
 8125    0.000271675
 8126    0.000271466
 8127    0.000271257
 8128    0.000271048
 8129    0.000270839
 8130     0.00027063
 8131    0.000270421
 8132    0.000270213
 8133    0.000270004
 8134    0.000269796
 8135    0.000269588
 8136     0.00026938
 8137    0.000269173
 8138    0.000268965
 8139    0.000268758
 8140    0.000268551
 8141    0.000268344
 8142    0.000268137
 8143     0.00026793
 8144    0.000267723
 8145    0.000267517
 8146    0.000267311
 8147    0.000267105
 8148    0.000266899
 8149    0.000266693
 8150    0.000266487
 8151    0.000266282
 8152    0.000266077
 8153    0.000265871
 8154    0.000265666
 8155    0.000265462
 8156    0.000265257
 8157    0.000265052
 8158    0.000264848
 8159    0.000264644
 8160     0.00026444
 8161    0.000264236
 8162    0.000264032
 8163    0.000263829
 8164    0.000263625
 8165    0.000263422
 8166    0.000263219
 8167    0.000263016
 8168    0.000262813
 8169    0.000262611
 8170    0.000262408
 8171    0.000262206
 8172    0.000262004
 8173    0.000261802
 8174      0.0002616
 8175    0.000261398
 8176    0.000261197
 8177    0.000260995
 8178    0.000260794
 8179    0.000260593
 8180    0.000260392
 8181    0.000260191
 8182    0.000259991
 8183     0.00025979
 8184     0.00025959
 8185     0.00025939
 8186     0.00025919
 8187     0.00025899
 8188     0.00025879
 8189    0.000258591
 8190    0.000258392
 8191    0.000258192
 8192    0.000257993
 8193    0.000257794
 8194    0.000257596
 8195    0.000257397
 8196    0.000257199
 8197       0.000257
 8198    0.000256802
 8199    0.000256604
 8200    0.000256406
 8201    0.000256209
 8202    0.000256011
 8203    0.000255814
 8204    0.000255617
 8205     0.00025542
 8206    0.000255223
 8207    0.000255026
 8208    0.000254829
 8209    0.000254633
 8210    0.000254436
 8211     0.00025424
 8212    0.000254044
 8213    0.000253848
 8214    0.000253653
 8215    0.000253457
 8216    0.000253262
 8217    0.000253066
 8218    0.000252871
 8219    0.000252676
 8220    0.000252482
 8221    0.000252287
 8222    0.000252092
 8223    0.000251898
 8224    0.000251704
 8225     0.00025151
 8226    0.000251316
 8227    0.000251122
 8228    0.000250929
 8229    0.000250735
 8230    0.000250542
 8231    0.000250349
 8232    0.000250156
 8233    0.000249963
 8234     0.00024977
 8235    0.000249578
 8236    0.000249385
 8237    0.000249193
 8238    0.000249001
 8239    0.000248809
 8240    0.000248617
 8241    0.000248425
 8242    0.000248234
 8243    0.000248042
 8244    0.000247851
 8245     0.00024766
 8246    0.000247469
 8247    0.000247278
 8248    0.000247088
 8249    0.000246897
 8250    0.000246707
 8251    0.000246517
 8252    0.000246327
 8253    0.000246137
 8254    0.000245947
 8255    0.000245757
 8256    0.000245568
 8257    0.000245378
 8258    0.000245189
 8259       0.000245
 8260    0.000244811
 8261    0.000244623
 8262    0.000244434
 8263    0.000244246
 8264    0.000244057
 8265    0.000243869
 8266    0.000243681
 8267    0.000243493
 8268    0.000243306
 8269    0.000243118
 8270     0.00024293
 8271    0.000242743
 8272    0.000242556
 8273    0.000242369
 8274    0.000242182
 8275    0.000241995
 8276    0.000241809
 8277    0.000241622
 8278    0.000241436
 8279     0.00024125
 8280    0.000241064
 8281    0.000240878
 8282    0.000240693
 8283    0.000240507
 8284    0.000240322
 8285    0.000240136
 8286    0.000239951
 8287    0.000239766
 8288    0.000239581
 8289    0.000239397
 8290    0.000239212
 8291    0.000239028
 8292    0.000238843
 8293    0.000238659
 8294    0.000238475
 8295    0.000238291
 8296    0.000238108
 8297    0.000237924
 8298    0.000237741
 8299    0.000237557
 8300    0.000237374
 8301    0.000237191
 8302    0.000237008
 8303    0.000236826
 8304    0.000236643
 8305    0.000236461
 8306    0.000236278
 8307    0.000236096
 8308    0.000235914
 8309    0.000235732
 8310     0.00023555
 8311    0.000235369
 8312    0.000235187
 8313    0.000235006
 8314    0.000234825
 8315    0.000234644
 8316    0.000234463
 8317    0.000234282
 8318    0.000234102
 8319    0.000233921
 8320    0.000233741
 8321     0.00023356
 8322     0.00023338
 8323      0.0002332
 8324    0.000233021
 8325    0.000232841
 8326    0.000232662
 8327    0.000232482
 8328    0.000232303
 8329    0.000232124
 8330    0.000231945
 8331    0.000231766
 8332    0.000231587
 8333    0.000231409
 8334     0.00023123
 8335    0.000231052
 8336    0.000230874
 8337    0.000230696
 8338    0.000230518
 8339     0.00023034
 8340    0.000230163
 8341    0.000229985
 8342    0.000229808
 8343    0.000229631
 8344    0.000229454
 8345    0.000229277
 8346      0.0002291
 8347    0.000228924
 8348    0.000228747
 8349    0.000228571
 8350    0.000228395
 8351    0.000228218
 8352    0.000228042
 8353    0.000227867
 8354    0.000227691
 8355    0.000227515
 8356     0.00022734
 8357    0.000227165
 8358     0.00022699
 8359    0.000226815
 8360     0.00022664
 8361    0.000226465
 8362     0.00022629
 8363    0.000226116
 8364    0.000225942
 8365    0.000225767
 8366    0.000225593
 8367    0.000225419
 8368    0.000225246
 8369    0.000225072
 8370    0.000224899
 8371    0.000224725
 8372    0.000224552
 8373    0.000224379
 8374    0.000224206
 8375    0.000224033
 8376     0.00022386
 8377    0.000223688
 8378    0.000223515
 8379    0.000223343
 8380    0.000223171
 8381    0.000222999
 8382    0.000222827
 8383    0.000222655
 8384    0.000222483
 8385    0.000222312
 8386     0.00022214
 8387    0.000221969
 8388    0.000221798
 8389    0.000221627
 8390    0.000221456
 8391    0.000221285
 8392    0.000221115
 8393    0.000220944
 8394    0.000220774
 8395    0.000220604
 8396    0.000220434
 8397    0.000220264
 8398    0.000220094
 8399    0.000219924
 8400    0.000219755
 8401    0.000219585
 8402    0.000219416
 8403    0.000219247
 8404    0.000219078
 8405    0.000218909
 8406     0.00021874
 8407    0.000218571
 8408    0.000218403
 8409    0.000218234
 8410    0.000218066
 8411    0.000217898
 8412     0.00021773
 8413    0.000217562
 8414    0.000217395
 8415    0.000217227
 8416    0.000217059
 8417    0.000216892
 8418    0.000216725
 8419    0.000216558
 8420    0.000216391
 8421    0.000216224
 8422    0.000216057
 8423    0.000215891
 8424    0.000215724
 8425    0.000215558
 8426    0.000215392
 8427    0.000215226
 8428     0.00021506
 8429    0.000214894
 8430    0.000214728
 8431    0.000214563
 8432    0.000214397
 8433    0.000214232
 8434    0.000214067
 8435    0.000213902
 8436    0.000213737
 8437    0.000213572
 8438    0.000213408
 8439    0.000213243
 8440    0.000213079
 8441    0.000212914
 8442     0.00021275
 8443    0.000212586
 8444    0.000212422
 8445    0.000212258
 8446    0.000212095
 8447    0.000211931
 8448    0.000211768
 8449    0.000211605
 8450    0.000211441
 8451    0.000211278
 8452    0.000211116
 8453    0.000210953
 8454     0.00021079
 8455    0.000210628
 8456    0.000210465
 8457    0.000210303
 8458    0.000210141
 8459    0.000209979
 8460    0.000209817
 8461    0.000209655
 8462    0.000209494
 8463    0.000209332
 8464    0.000209171
 8465    0.000209009
 8466    0.000208848
 8467    0.000208687
 8468    0.000208526
 8469    0.000208366
 8470    0.000208205
 8471    0.000208044
 8472    0.000207884
 8473    0.000207724
 8474    0.000207564
 8475    0.000207404
 8476    0.000207244
 8477    0.000207084
 8478    0.000206924
 8479    0.000206765
 8480    0.000206605
 8481    0.000206446
 8482    0.000206287
 8483    0.000206128
 8484    0.000205969
 8485     0.00020581
 8486    0.000205651
 8487    0.000205493
 8488    0.000205335
 8489    0.000205176
 8490    0.000205018
 8491     0.00020486
 8492    0.000204702
 8493    0.000204544
 8494    0.000204387
 8495    0.000204229
 8496    0.000204071
 8497    0.000203914
 8498    0.000203757
 8499      0.0002036
 8500    0.000203443
 8501    0.000203286
 8502    0.000203129
 8503    0.000202973
 8504    0.000202816
 8505     0.00020266
 8506    0.000202504
 8507    0.000202347
 8508    0.000202191
 8509    0.000202036
 8510     0.00020188
 8511    0.000201724
 8512    0.000201569
 8513    0.000201413
 8514    0.000201258
 8515    0.000201103
 8516    0.000200948
 8517    0.000200793
 8518    0.000200638
 8519    0.000200483
 8520    0.000200329
 8521    0.000200174
 8522     0.00020002
 8523    0.000199866
 8524    0.000199712
 8525    0.000199558
 8526    0.000199404
 8527     0.00019925
 8528    0.000199097
 8529    0.000198943
 8530     0.00019879
 8531    0.000198636
 8532    0.000198483
 8533     0.00019833
 8534    0.000198177
 8535    0.000198025
 8536    0.000197872
 8537    0.000197719
 8538    0.000197567
 8539    0.000197415
 8540    0.000197262
 8541     0.00019711
 8542    0.000196958
 8543    0.000196807
 8544    0.000196655
 8545    0.000196503
 8546    0.000196352
 8547      0.0001962
 8548    0.000196049
 8549    0.000195898
 8550    0.000195747
 8551    0.000195596
 8552    0.000195445
 8553    0.000195294
 8554    0.000195144
 8555    0.000194993
 8556    0.000194843
 8557    0.000194693
 8558    0.000194543
 8559    0.000194393
 8560    0.000194243
 8561    0.000194093
 8562    0.000193944
 8563    0.000193794
 8564    0.000193645
 8565    0.000193495
 8566    0.000193346
 8567    0.000193197
 8568    0.000193048
 8569    0.000192899
 8570    0.000192751
 8571    0.000192602
 8572    0.000192453
 8573    0.000192305
 8574    0.000192157
 8575    0.000192009
 8576    0.000191861
 8577    0.000191713
 8578    0.000191565
 8579    0.000191417
 8580     0.00019127
 8581    0.000191122
 8582    0.000190975
 8583    0.000190828
 8584    0.000190681
 8585    0.000190534
 8586    0.000190387
 8587     0.00019024
 8588    0.000190093
 8589    0.000189947
 8590      0.0001898
 8591    0.000189654
 8592    0.000189508
 8593    0.000189362
 8594    0.000189216
 8595     0.00018907
 8596    0.000188924
 8597    0.000188778
 8598    0.000188633
 8599    0.000188487
 8600    0.000188342
 8601    0.000188197
 8602    0.000188052
 8603    0.000187907
 8604    0.000187762
 8605    0.000187617
 8606    0.000187472
 8607    0.000187328
 8608    0.000187183
 8609    0.000187039
 8610    0.000186895
 8611    0.000186751
 8612    0.000186607
 8613    0.000186463
 8614    0.000186319
 8615    0.000186176
 8616    0.000186032
 8617    0.000185889
 8618    0.000185745
 8619    0.000185602
 8620    0.000185459
 8621    0.000185316
 8622    0.000185173
 8623     0.00018503
 8624    0.000184888
 8625    0.000184745
 8626    0.000184603
 8627     0.00018446
 8628    0.000184318
 8629    0.000184176
 8630    0.000184034
 8631    0.000183892
 8632     0.00018375
 8633    0.000183609
 8634    0.000183467
 8635    0.000183326
 8636    0.000183184
 8637    0.000183043
 8638    0.000182902
 8639    0.000182761
 8640     0.00018262
 8641    0.000182479
 8642    0.000182339
 8643    0.000182198
 8644    0.000182058
 8645    0.000181917
 8646    0.000181777
 8647    0.000181637
 8648    0.000181497
 8649    0.000181357
 8650    0.000181217
 8651    0.000181077
 8652    0.000180938
 8653    0.000180798
 8654    0.000180659
 8655     0.00018052
 8656    0.000180381
 8657    0.000180241
 8658    0.000180102
 8659    0.000179964
 8660    0.000179825
 8661    0.000179686
 8662    0.000179548
 8663    0.000179409
 8664    0.000179271
 8665    0.000179133
 8666    0.000178995
 8667    0.000178857
 8668    0.000178719
 8669    0.000178581
 8670    0.000178443
 8671    0.000178306
 8672    0.000178168
 8673    0.000178031
 8674    0.000177894
 8675    0.000177756
 8676    0.000177619
 8677    0.000177483
 8678    0.000177346
 8679    0.000177209
 8680    0.000177072
 8681    0.000176936
 8682    0.000176799
 8683    0.000176663
 8684    0.000176527
 8685    0.000176391
 8686    0.000176255
 8687    0.000176119
 8688    0.000175983
 8689    0.000175847
 8690    0.000175712
 8691    0.000175576
 8692    0.000175441
 8693    0.000175306
 8694    0.000175171
 8695    0.000175036
 8696    0.000174901
 8697    0.000174766
 8698    0.000174631
 8699    0.000174496
 8700    0.000174362
 8701    0.000174227
 8702    0.000174093
 8703    0.000173959
 8704    0.000173825
 8705    0.000173691
 8706    0.000173557
 8707    0.000173423
 8708    0.000173289
 8709    0.000173156
 8710    0.000173022
 8711    0.000172889
 8712    0.000172756
 8713    0.000172622
 8714    0.000172489
 8715    0.000172356
 8716    0.000172223
 8717    0.000172091
 8718    0.000171958
 8719    0.000171825
 8720    0.000171693
 8721    0.000171561
 8722    0.000171428
 8723    0.000171296
 8724    0.000171164
 8725    0.000171032
 8726      0.0001709
 8727    0.000170769
 8728    0.000170637
 8729    0.000170505
 8730    0.000170374
 8731    0.000170243
 8732    0.000170111
 8733     0.00016998
 8734    0.000169849
 8735    0.000169718
 8736    0.000169587
 8737    0.000169457
 8738    0.000169326
 8739    0.000169195
 8740    0.000169065
 8741    0.000168935
 8742    0.000168804
 8743    0.000168674
 8744    0.000168544
 8745    0.000168414
 8746    0.000168284
 8747    0.000168155
 8748    0.000168025
 8749    0.000167895
 8750    0.000167766
 8751    0.000167637
 8752    0.000167507
 8753    0.000167378
 8754    0.000167249
 8755     0.00016712
 8756    0.000166991
 8757    0.000166863
 8758    0.000166734
 8759    0.000166605
 8760    0.000166477
 8761    0.000166349
 8762     0.00016622
 8763    0.000166092
 8764    0.000165964
 8765    0.000165836
 8766    0.000165708
 8767    0.000165581
 8768    0.000165453
 8769    0.000165325
 8770    0.000165198
 8771    0.000165071
 8772    0.000164943
 8773    0.000164816
 8774    0.000164689
 8775    0.000164562
 8776    0.000164435
 8777    0.000164309
 8778    0.000164182
 8779    0.000164055
 8780    0.000163929
 8781    0.000163802
 8782    0.000163676
 8783     0.00016355
 8784    0.000163424
 8785    0.000163298
 8786    0.000163172
 8787    0.000163046
 8788     0.00016292
 8789    0.000162795
 8790    0.000162669
 8791    0.000162544
 8792    0.000162419
 8793    0.000162293
 8794    0.000162168
 8795    0.000162043
 8796    0.000161918
 8797    0.000161793
 8798    0.000161669
 8799    0.000161544
 8800     0.00016142
 8801    0.000161295
 8802    0.000161171
 8803    0.000161047
 8804    0.000160922
 8805    0.000160798
 8806    0.000160674
 8807     0.00016055
 8808    0.000160427
 8809    0.000160303
 8810    0.000160179
 8811    0.000160056
 8812    0.000159932
 8813    0.000159809
 8814    0.000159686
 8815    0.000159563
 8816     0.00015944
 8817    0.000159317
 8818    0.000159194
 8819    0.000159071
 8820    0.000158949
 8821    0.000158826
 8822    0.000158704
 8823    0.000158581
 8824    0.000158459
 8825    0.000158337
 8826    0.000158215
 8827    0.000158093
 8828    0.000157971
 8829    0.000157849
 8830    0.000157728
 8831    0.000157606
 8832    0.000157484
 8833    0.000157363
 8834    0.000157242
 8835     0.00015712
 8836    0.000156999
 8837    0.000156878
 8838    0.000156757
 8839    0.000156636
 8840    0.000156516
 8841    0.000156395
 8842    0.000156274
 8843    0.000156154
 8844    0.000156034
 8845    0.000155913
 8846    0.000155793
 8847    0.000155673
 8848    0.000155553
 8849    0.000155433
 8850    0.000155313
 8851    0.000155193
 8852    0.000155074
 8853    0.000154954
 8854    0.000154835
 8855    0.000154715
 8856    0.000154596
 8857    0.000154477
 8858    0.000154358
 8859    0.000154239
 8860     0.00015412
 8861    0.000154001
 8862    0.000153882
 8863    0.000153764
 8864    0.000153645
 8865    0.000153527
 8866    0.000153408
 8867     0.00015329
 8868    0.000153172
 8869    0.000153054
 8870    0.000152936
 8871    0.000152818
 8872      0.0001527
 8873    0.000152582
 8874    0.000152465
 8875    0.000152347
 8876     0.00015223
 8877    0.000152112
 8878    0.000151995
 8879    0.000151878
 8880    0.000151761
 8881    0.000151644
 8882    0.000151527
 8883     0.00015141
 8884    0.000151293
 8885    0.000151177
 8886     0.00015106
 8887    0.000150944
 8888    0.000150827
 8889    0.000150711
 8890    0.000150595
 8891    0.000150479
 8892    0.000150363
 8893    0.000150247
 8894    0.000150131
 8895    0.000150015
 8896      0.0001499
 8897    0.000149784
 8898    0.000149669
 8899    0.000149553
 8900    0.000149438
 8901    0.000149323
 8902    0.000149208
 8903    0.000149093
 8904    0.000148978
 8905    0.000148863
 8906    0.000148748
 8907    0.000148633
 8908    0.000148519
 8909    0.000148404
 8910     0.00014829
 8911    0.000148175
 8912    0.000148061
 8913    0.000147947
 8914    0.000147833
 8915    0.000147719
 8916    0.000147605
 8917    0.000147491
 8918    0.000147378
 8919    0.000147264
 8920     0.00014715
 8921    0.000147037
 8922    0.000146924
 8923     0.00014681
 8924    0.000146697
 8925    0.000146584
 8926    0.000146471
 8927    0.000146358
 8928    0.000146245
 8929    0.000146133
 8930     0.00014602
 8931    0.000145907
 8932    0.000145795
 8933    0.000145682
 8934     0.00014557
 8935    0.000145458
 8936    0.000145346
 8937    0.000145234
 8938    0.000145122
 8939     0.00014501
 8940    0.000144898
 8941    0.000144786
 8942    0.000144675
 8943    0.000144563
 8944    0.000144452
 8945     0.00014434
 8946    0.000144229
 8947    0.000144118
 8948    0.000144007
 8949    0.000143896
 8950    0.000143785
 8951    0.000143674
 8952    0.000143563
 8953    0.000143453
 8954    0.000143342
 8955    0.000143231
 8956    0.000143121
 8957    0.000143011
 8958      0.0001429
 8959     0.00014279
 8960     0.00014268
 8961     0.00014257
 8962     0.00014246
 8963     0.00014235
 8964    0.000142241
 8965    0.000142131
 8966    0.000142021
 8967    0.000141912
 8968    0.000141802
 8969    0.000141693
 8970    0.000141584
 8971    0.000141475
 8972    0.000141366
 8973    0.000141257
 8974    0.000141148
 8975    0.000141039
 8976     0.00014093
 8977    0.000140822
 8978    0.000140713
 8979    0.000140605
 8980    0.000140496
 8981    0.000140388
 8982     0.00014028
 8983    0.000140171
 8984    0.000140063
 8985    0.000139955
 8986    0.000139847
 8987     0.00013974
 8988    0.000139632
 8989    0.000139524
 8990    0.000139417
 8991    0.000139309
 8992    0.000139202
 8993    0.000139095
 8994    0.000138987
 8995     0.00013888
 8996    0.000138773
 8997    0.000138666
 8998    0.000138559
 8999    0.000138452
 9000    0.000138346
 9001    0.000138239
 9002    0.000138132
 9003    0.000138026
 9004    0.000137919
 9005    0.000137813
 9006    0.000137707
 9007    0.000137601
 9008    0.000137495
 9009    0.000137389
 9010    0.000137283
 9011    0.000137177
 9012    0.000137071
 9013    0.000136965
 9014     0.00013686
 9015    0.000136754
 9016    0.000136649
 9017    0.000136544
 9018    0.000136438
 9019    0.000136333
 9020    0.000136228
 9021    0.000136123
 9022    0.000136018
 9023    0.000135913
 9024    0.000135808
 9025    0.000135704
 9026    0.000135599
 9027    0.000135494
 9028     0.00013539
 9029    0.000135286
 9030    0.000135181
 9031    0.000135077
 9032    0.000134973
 9033    0.000134869
 9034    0.000134765
 9035    0.000134661
 9036    0.000134557
 9037    0.000134453
 9038     0.00013435
 9039    0.000134246
 9040    0.000134143
 9041    0.000134039
 9042    0.000133936
 9043    0.000133833
 9044     0.00013373
 9045    0.000133626
 9046    0.000133523
 9047     0.00013342
 9048    0.000133318
 9049    0.000133215
 9050    0.000133112
 9051    0.000133009
 9052    0.000132907
 9053    0.000132804
 9054    0.000132702
 9055      0.0001326
 9056    0.000132498
 9057    0.000132395
 9058    0.000132293
 9059    0.000132191
 9060    0.000132089
 9061    0.000131988
 9062    0.000131886
 9063    0.000131784
 9064    0.000131683
 9065    0.000131581
 9066     0.00013148
 9067    0.000131378
 9068    0.000131277
 9069    0.000131176
 9070    0.000131075
 9071    0.000130974
 9072    0.000130873
 9073    0.000130772
 9074    0.000130671
 9075     0.00013057
 9076    0.000130469
 9077    0.000130369
 9078    0.000130268
 9079    0.000130168
 9080    0.000130068
 9081    0.000129967
 9082    0.000129867
 9083    0.000129767
 9084    0.000129667
 9085    0.000129567
 9086    0.000129467
 9087    0.000129367
 9088    0.000129267
 9089    0.000129168
 9090    0.000129068
 9091    0.000128969
 9092    0.000128869
 9093     0.00012877
 9094    0.000128671
 9095    0.000128571
 9096    0.000128472
 9097    0.000128373
 9098    0.000128274
 9099    0.000128175
 9100    0.000128077
 9101    0.000127978
 9102    0.000127879
 9103    0.000127781
 9104    0.000127682
 9105    0.000127584
 9106    0.000127485
 9107    0.000127387
 9108    0.000127289
 9109    0.000127191
 9110    0.000127093
 9111    0.000126995
 9112    0.000126897
 9113    0.000126799
 9114    0.000126701
 9115    0.000126603
 9116    0.000126506
 9117    0.000126408
 9118    0.000126311
 9119    0.000126213
 9120    0.000126116
 9121    0.000126019
 9122    0.000125922
 9123    0.000125825
 9124    0.000125728
 9125    0.000125631
 9126    0.000125534
 9127    0.000125437
 9128     0.00012534
 9129    0.000125244
 9130    0.000125147
 9131    0.000125051
 9132    0.000124954
 9133    0.000124858
 9134    0.000124762
 9135    0.000124666
 9136    0.000124569
 9137    0.000124473
 9138    0.000124377
 9139    0.000124282
 9140    0.000124186
 9141     0.00012409
 9142    0.000123994
 9143    0.000123899
 9144    0.000123803
 9145    0.000123708
 9146    0.000123612
 9147    0.000123517
 9148    0.000123422
 9149    0.000123327
 9150    0.000123232
 9151    0.000123137
 9152    0.000123042
 9153    0.000122947
 9154    0.000122852
 9155    0.000122757
 9156    0.000122663
 9157    0.000122568
 9158    0.000122474
 9159    0.000122379
 9160    0.000122285
 9161    0.000122191
 9162    0.000122096
 9163    0.000122002
 9164    0.000121908
 9165    0.000121814
 9166     0.00012172
 9167    0.000121626
 9168    0.000121533
 9169    0.000121439
 9170    0.000121345
 9171    0.000121252
 9172    0.000121158
 9173    0.000121065
 9174    0.000120972
 9175    0.000120878
 9176    0.000120785
 9177    0.000120692
 9178    0.000120599
 9179    0.000120506
 9180    0.000120413
 9181     0.00012032
 9182    0.000120227
 9183    0.000120135
 9184    0.000120042
 9185     0.00011995
 9186    0.000119857
 9187    0.000119765
 9188    0.000119672
 9189     0.00011958
 9190    0.000119488
 9191    0.000119396
 9192    0.000119304
 9193    0.000119212
 9194     0.00011912
 9195    0.000119028
 9196    0.000118936
 9197    0.000118845
 9198    0.000118753
 9199    0.000118661
 9200     0.00011857
 9201    0.000118478
 9202    0.000118387
 9203    0.000118296
 9204    0.000118205
 9205    0.000118114
 9206    0.000118022
 9207    0.000117931
 9208    0.000117841
 9209     0.00011775
 9210    0.000117659
 9211    0.000117568
 9212    0.000117478
 9213    0.000117387
 9214    0.000117296
 9215    0.000117206
 9216    0.000117116
 9217    0.000117025
 9218    0.000116935
 9219    0.000116845
 9220    0.000116755
 9221    0.000116665
 9222    0.000116575
 9223    0.000116485
 9224    0.000116395
 9225    0.000116306
 9226    0.000116216
 9227    0.000116126
 9228    0.000116037
 9229    0.000115947
 9230    0.000115858
 9231    0.000115769
 9232    0.000115679
 9233     0.00011559
 9234    0.000115501
 9235    0.000115412
 9236    0.000115323
 9237    0.000115234
 9238    0.000115145
 9239    0.000115057
 9240    0.000114968
 9241    0.000114879
 9242    0.000114791
 9243    0.000114702
 9244    0.000114614
 9245    0.000114525
 9246    0.000114437
 9247    0.000114349
 9248    0.000114261
 9249    0.000114173
 9250    0.000114085
 9251    0.000113997
 9252    0.000113909
 9253    0.000113821
 9254    0.000113733
 9255    0.000113645
 9256    0.000113558
 9257     0.00011347
 9258    0.000113383
 9259    0.000113295
 9260    0.000113208
 9261    0.000113121
 9262    0.000113034
 9263    0.000112946
 9264    0.000112859
 9265    0.000112772
 9266    0.000112685
 9267    0.000112598
 9268    0.000112512
 9269    0.000112425
 9270    0.000112338
 9271    0.000112252
 9272    0.000112165
 9273    0.000112079
 9274    0.000111992
 9275    0.000111906
 9276     0.00011182
 9277    0.000111733
 9278    0.000111647
 9279    0.000111561
 9280    0.000111475
 9281    0.000111389
 9282    0.000111303
 9283    0.000111218
 9284    0.000111132
 9285    0.000111046
 9286     0.00011096
 9287    0.000110875
 9288    0.000110789
 9289    0.000110704
 9290    0.000110619
 9291    0.000110533
 9292    0.000110448
 9293    0.000110363
 9294    0.000110278
 9295    0.000110193
 9296    0.000110108
 9297    0.000110023
 9298    0.000109938
 9299    0.000109854
 9300    0.000109769
 9301    0.000109684
 9302      0.0001096
 9303    0.000109515
 9304    0.000109431
 9305    0.000109346
 9306    0.000109262
 9307    0.000109178
 9308    0.000109094
 9309     0.00010901
 9310    0.000108925
 9311    0.000108841
 9312    0.000108758
 9313    0.000108674
 9314     0.00010859
 9315    0.000108506
 9316    0.000108423
 9317    0.000108339
 9318    0.000108255
 9319    0.000108172
 9320    0.000108089
 9321    0.000108005
 9322    0.000107922
 9323    0.000107839
 9324    0.000107756
 9325    0.000107673
 9326     0.00010759
 9327    0.000107507
 9328    0.000107424
 9329    0.000107341
 9330    0.000107258
 9331    0.000107175
 9332    0.000107093
 9333     0.00010701
 9334    0.000106928
 9335    0.000106845
 9336    0.000106763
 9337    0.000106681
 9338    0.000106598
 9339    0.000106516
 9340    0.000106434
 9341    0.000106352
 9342     0.00010627
 9343    0.000106188
 9344    0.000106106
 9345    0.000106024
 9346    0.000105943
 9347    0.000105861
 9348    0.000105779
 9349    0.000105698
 9350    0.000105616
 9351    0.000105535
 9352    0.000105454
 9353    0.000105372
 9354    0.000105291
 9355     0.00010521
 9356    0.000105129
 9357    0.000105048
 9358    0.000104967
 9359    0.000104886
 9360    0.000104805
 9361    0.000104724
 9362    0.000104643
 9363    0.000104563
 9364    0.000104482
 9365    0.000104402
 9366    0.000104321
 9367    0.000104241
 9368     0.00010416
 9369     0.00010408
 9370       0.000104
 9371     0.00010392
 9372    0.000103839
 9373    0.000103759
 9374    0.000103679
 9375    0.000103599
 9376     0.00010352
 9377     0.00010344
 9378     0.00010336
 9379     0.00010328
 9380    0.000103201
 9381    0.000103121
 9382    0.000103042
 9383    0.000102962
 9384    0.000102883
 9385    0.000102803
 9386    0.000102724
 9387    0.000102645
 9388    0.000102566
 9389    0.000102487
 9390    0.000102408
 9391    0.000102329
 9392     0.00010225
 9393    0.000102171
 9394    0.000102092
 9395    0.000102014
 9396    0.000101935
 9397    0.000101856
 9398    0.000101778
 9399    0.000101699
 9400    0.000101621
 9401    0.000101543
 9402    0.000101464
 9403    0.000101386
 9404    0.000101308
 9405     0.00010123
 9406    0.000101152
 9407    0.000101074
 9408    0.000100996
 9409    0.000100918
 9410     0.00010084
 9411    0.000100763
 9412    0.000100685
 9413    0.000100607
 9414     0.00010053
 9415    0.000100452
 9416    0.000100375
 9417    0.000100297
 9418     0.00010022
 9419    0.000100143
 9420    0.000100066
 9421    9.99884e-05
 9422    9.99113e-05
 9423    9.98342e-05
 9424    9.97573e-05
 9425    9.96804e-05
 9426    9.96035e-05
 9427    9.95267e-05
 9428      9.945e-05
 9429    9.93733e-05
 9430    9.92967e-05
 9431    9.92202e-05
 9432    9.91437e-05
 9433    9.90672e-05
 9434    9.89909e-05
 9435    9.89145e-05
 9436    9.88383e-05
 9437    9.87621e-05
 9438    9.86859e-05
 9439    9.86098e-05
 9440    9.85338e-05
 9441    9.84579e-05
 9442    9.83819e-05
 9443    9.83061e-05
 9444    9.82303e-05
 9445    9.81546e-05
 9446    9.80789e-05
 9447    9.80033e-05
 9448    9.79277e-05
 9449    9.78522e-05
 9450    9.77768e-05
 9451    9.77014e-05
 9452    9.76261e-05
 9453    9.75508e-05
 9454    9.74756e-05
 9455    9.74005e-05
 9456    9.73254e-05
 9457    9.72503e-05
 9458    9.71754e-05
 9459    9.71004e-05
 9460    9.70256e-05
 9461    9.69508e-05
 9462     9.6876e-05
 9463    9.68013e-05
 9464    9.67267e-05
 9465    9.66521e-05
 9466    9.65776e-05
 9467    9.65032e-05
 9468    9.64288e-05
 9469    9.63544e-05
 9470    9.62801e-05
 9471    9.62059e-05
 9472    9.61317e-05
 9473    9.60576e-05
 9474    9.59836e-05
 9475    9.59096e-05
 9476    9.58356e-05
 9477    9.57617e-05
 9478    9.56879e-05
 9479    9.56141e-05
 9480    9.55404e-05
 9481    9.54668e-05
 9482    9.53932e-05
 9483    9.53196e-05
 9484    9.52461e-05
 9485    9.51727e-05
 9486    9.50993e-05
 9487     9.5026e-05
 9488    9.49527e-05
 9489    9.48795e-05
 9490    9.48064e-05
 9491    9.47333e-05
 9492    9.46603e-05
 9493    9.45873e-05
 9494    9.45144e-05
 9495    9.44415e-05
 9496    9.43687e-05
 9497    9.42959e-05
 9498    9.42232e-05
 9499    9.41506e-05
 9500     9.4078e-05
 9501    9.40055e-05
 9502     9.3933e-05
 9503    9.38606e-05
 9504    9.37882e-05
 9505    9.37159e-05
 9506    9.36437e-05
 9507    9.35715e-05
 9508    9.34993e-05
 9509    9.34272e-05
 9510    9.33552e-05
 9511    9.32832e-05
 9512    9.32113e-05
 9513    9.31394e-05
 9514    9.30676e-05
 9515    9.29959e-05
 9516    9.29242e-05
 9517    9.28526e-05
 9518     9.2781e-05
 9519    9.27094e-05
 9520     9.2638e-05
 9521    9.25665e-05
 9522    9.24952e-05
 9523    9.24239e-05
 9524    9.23526e-05
 9525    9.22814e-05
 9526    9.22103e-05
 9527    9.21392e-05
 9528    9.20681e-05
 9529    9.19972e-05
 9530    9.19262e-05
 9531    9.18554e-05
 9532    9.17845e-05
 9533    9.17138e-05
 9534    9.16431e-05
 9535    9.15724e-05
 9536    9.15018e-05
 9537    9.14313e-05
 9538    9.13608e-05
 9539    9.12903e-05
 9540      9.122e-05
 9541    9.11496e-05
 9542    9.10794e-05
 9543    9.10091e-05
 9544     9.0939e-05
 9545    9.08689e-05
 9546    9.07988e-05
 9547    9.07288e-05
 9548    9.06589e-05
 9549     9.0589e-05
 9550    9.05191e-05
 9551    9.04493e-05
 9552    9.03796e-05
 9553    9.03099e-05
 9554    9.02403e-05
 9555    9.01707e-05
 9556    9.01012e-05
 9557    9.00317e-05
 9558    8.99623e-05
 9559     8.9893e-05
 9560    8.98237e-05
 9561    8.97544e-05
 9562    8.96852e-05
 9563    8.96161e-05
 9564     8.9547e-05
 9565     8.9478e-05
 9566     8.9409e-05
 9567      8.934e-05
 9568    8.92712e-05
 9569    8.92023e-05
 9570    8.91336e-05
 9571    8.90648e-05
 9572    8.89962e-05
 9573    8.89276e-05
 9574     8.8859e-05
 9575    8.87905e-05
 9576     8.8722e-05
 9577    8.86536e-05
 9578    8.85853e-05
 9579     8.8517e-05
 9580    8.84488e-05
 9581    8.83806e-05
 9582    8.83124e-05
 9583    8.82443e-05
 9584    8.81763e-05
 9585    8.81083e-05
 9586    8.80404e-05
 9587    8.79725e-05
 9588    8.79047e-05
 9589    8.78369e-05
 9590    8.77692e-05
 9591    8.77015e-05
 9592    8.76339e-05
 9593    8.75664e-05
 9594    8.74989e-05
 9595    8.74314e-05
 9596     8.7364e-05
 9597    8.72966e-05
 9598    8.72293e-05
 9599    8.71621e-05
 9600    8.70949e-05
 9601    8.70277e-05
 9602    8.69606e-05
 9603    8.68936e-05
 9604    8.68266e-05
 9605    8.67597e-05
 9606    8.66928e-05
 9607    8.66259e-05
 9608    8.65592e-05
 9609    8.64924e-05
 9610    8.64257e-05
 9611    8.63591e-05
 9612    8.62925e-05
 9613     8.6226e-05
 9614    8.61595e-05
 9615    8.60931e-05
 9616    8.60267e-05
 9617    8.59604e-05
 9618    8.58941e-05
 9619    8.58279e-05
 9620    8.57617e-05
 9621    8.56956e-05
 9622    8.56295e-05
 9623    8.55635e-05
 9624    8.54976e-05
 9625    8.54316e-05
 9626    8.53658e-05
 9627       8.53e-05
 9628    8.52342e-05
 9629    8.51685e-05
 9630    8.51028e-05
 9631    8.50372e-05
 9632    8.49717e-05
 9633    8.49061e-05
 9634    8.48407e-05
 9635    8.47753e-05
 9636    8.47099e-05
 9637    8.46446e-05
 9638    8.45794e-05
 9639    8.45141e-05
 9640     8.4449e-05
 9641    8.43839e-05
 9642    8.43188e-05
 9643    8.42538e-05
 9644    8.41889e-05
 9645     8.4124e-05
 9646    8.40591e-05
 9647    8.39943e-05
 9648    8.39295e-05
 9649    8.38648e-05
 9650    8.38002e-05
 9651    8.37356e-05
 9652     8.3671e-05
 9653    8.36065e-05
 9654     8.3542e-05
 9655    8.34776e-05
 9656    8.34133e-05
 9657     8.3349e-05
 9658    8.32847e-05
 9659    8.32205e-05
 9660    8.31563e-05
 9661    8.30922e-05
 9662    8.30282e-05
 9663    8.29642e-05
 9664    8.29002e-05
 9665    8.28363e-05
 9666    8.27724e-05
 9667    8.27086e-05
 9668    8.26448e-05
 9669    8.25811e-05
 9670    8.25175e-05
 9671    8.24538e-05
 9672    8.23903e-05
 9673    8.23267e-05
 9674    8.22633e-05
 9675    8.21999e-05
 9676    8.21365e-05
 9677    8.20732e-05
 9678    8.20099e-05
 9679    8.19467e-05
 9680    8.18835e-05
 9681    8.18203e-05
 9682    8.17573e-05
 9683    8.16942e-05
 9684    8.16313e-05
 9685    8.15683e-05
 9686    8.15054e-05
 9687    8.14426e-05
 9688    8.13798e-05
 9689    8.13171e-05
 9690    8.12544e-05
 9691    8.11917e-05
 9692    8.11291e-05
 9693    8.10666e-05
 9694    8.10041e-05
 9695    8.09416e-05
 9696    8.08792e-05
 9697    8.08169e-05
 9698    8.07546e-05
 9699    8.06923e-05
 9700    8.06301e-05
 9701    8.05679e-05
 9702    8.05058e-05
 9703    8.04438e-05
 9704    8.03817e-05
 9705    8.03198e-05
 9706    8.02578e-05
 9707     8.0196e-05
 9708    8.01341e-05
 9709    8.00724e-05
 9710    8.00106e-05
 9711    7.99489e-05
 9712    7.98873e-05
 9713    7.98257e-05
 9714    7.97642e-05
 9715    7.97027e-05
 9716    7.96412e-05
 9717    7.95798e-05
 9718    7.95185e-05
 9719    7.94572e-05
 9720    7.93959e-05
 9721    7.93347e-05
 9722    7.92735e-05
 9723    7.92124e-05
 9724    7.91513e-05
 9725    7.90903e-05
 9726    7.90293e-05
 9727    7.89684e-05
 9728    7.89075e-05
 9729    7.88467e-05
 9730    7.87859e-05
 9731    7.87252e-05
 9732    7.86645e-05
 9733    7.86038e-05
 9734    7.85432e-05
 9735    7.84827e-05
 9736    7.84222e-05
 9737    7.83617e-05
 9738    7.83013e-05
 9739    7.82409e-05
 9740    7.81806e-05
 9741    7.81203e-05
 9742    7.80601e-05
 9743    7.79999e-05
 9744    7.79398e-05
 9745    7.78797e-05
 9746    7.78197e-05
 9747    7.77597e-05
 9748    7.76997e-05
 9749    7.76398e-05
 9750    7.75799e-05
 9751    7.75201e-05
 9752    7.74604e-05
 9753    7.74006e-05
 9754     7.7341e-05
 9755    7.72813e-05
 9756    7.72218e-05
 9757    7.71622e-05
 9758    7.71027e-05
 9759    7.70433e-05
 9760    7.69839e-05
 9761    7.69245e-05
 9762    7.68652e-05
 9763     7.6806e-05
 9764    7.67468e-05
 9765    7.66876e-05
 9766    7.66285e-05
 9767    7.65694e-05
 9768    7.65104e-05
 9769    7.64514e-05
 9770    7.63924e-05
 9771    7.63335e-05
 9772    7.62747e-05
 9773    7.62159e-05
 9774    7.61571e-05
 9775    7.60984e-05
 9776    7.60397e-05
 9777    7.59811e-05
 9778    7.59225e-05
 9779     7.5864e-05
 9780    7.58055e-05
 9781    7.57471e-05
 9782    7.56887e-05
 9783    7.56303e-05
 9784     7.5572e-05
 9785    7.55138e-05
 9786    7.54555e-05
 9787    7.53974e-05
 9788    7.53392e-05
 9789    7.52811e-05
 9790    7.52231e-05
 9791    7.51651e-05
 9792    7.51072e-05
 9793    7.50493e-05
 9794    7.49914e-05
 9795    7.49336e-05
 9796    7.48758e-05
 9797    7.48181e-05
 9798    7.47604e-05
 9799    7.47028e-05
 9800    7.46452e-05
 9801    7.45876e-05
 9802    7.45301e-05
 9803    7.44727e-05
 9804    7.44152e-05
 9805    7.43579e-05
 9806    7.43005e-05
 9807    7.42433e-05
 9808     7.4186e-05
 9809    7.41288e-05
 9810    7.40717e-05
 9811    7.40146e-05
 9812    7.39575e-05
 9813    7.39005e-05
 9814    7.38435e-05
 9815    7.37866e-05
 9816    7.37297e-05
 9817    7.36729e-05
 9818    7.36161e-05
 9819    7.35593e-05
 9820    7.35026e-05
 9821    7.34459e-05
 9822    7.33893e-05
 9823    7.33327e-05
 9824    7.32762e-05
 9825    7.32197e-05
 9826    7.31632e-05
 9827    7.31068e-05
 9828    7.30505e-05
 9829    7.29941e-05
 9830    7.29379e-05
 9831    7.28816e-05
 9832    7.28255e-05
 9833    7.27693e-05
 9834    7.27132e-05
 9835    7.26571e-05
 9836    7.26011e-05
 9837    7.25452e-05
 9838    7.24892e-05
 9839    7.24333e-05
 9840    7.23775e-05
 9841    7.23217e-05
 9842    7.22659e-05
 9843    7.22102e-05
 9844    7.21546e-05
 9845    7.20989e-05
 9846    7.20433e-05
 9847    7.19878e-05
 9848    7.19323e-05
 9849    7.18768e-05
 9850    7.18214e-05
 9851    7.17661e-05
 9852    7.17107e-05
 9853    7.16554e-05
 9854    7.16002e-05
 9855     7.1545e-05
 9856    7.14898e-05
 9857    7.14347e-05
 9858    7.13796e-05
 9859    7.13246e-05
 9860    7.12696e-05
 9861    7.12147e-05
 9862    7.11598e-05
 9863    7.11049e-05
 9864    7.10501e-05
 9865    7.09953e-05
 9866    7.09406e-05
 9867    7.08859e-05
 9868    7.08312e-05
 9869    7.07766e-05
 9870    7.07221e-05
 9871    7.06675e-05
 9872    7.06131e-05
 9873    7.05586e-05
 9874    7.05042e-05
 9875    7.04499e-05
 9876    7.03955e-05
 9877    7.03413e-05
 9878     7.0287e-05
 9879    7.02329e-05
 9880    7.01787e-05
 9881    7.01246e-05
 9882    7.00705e-05
 9883    7.00165e-05
 9884    6.99625e-05
 9885    6.99086e-05
 9886    6.98547e-05
 9887    6.98008e-05
 9888     6.9747e-05
 9889    6.96933e-05
 9890    6.96395e-05
 9891    6.95858e-05
 9892    6.95322e-05
 9893    6.94786e-05
 9894     6.9425e-05
 9895    6.93715e-05
 9896     6.9318e-05
 9897    6.92646e-05
 9898    6.92112e-05
 9899    6.91578e-05
 9900    6.91045e-05
 9901    6.90512e-05
 9902     6.8998e-05
 9903    6.89448e-05
 9904    6.88916e-05
 9905    6.88385e-05
 9906    6.87854e-05
 9907    6.87324e-05
 9908    6.86794e-05
 9909    6.86265e-05
 9910    6.85736e-05
 9911    6.85207e-05
 9912    6.84679e-05
 9913    6.84151e-05
 9914    6.83623e-05
 9915    6.83096e-05
 9916     6.8257e-05
 9917    6.82043e-05
 9918    6.81518e-05
 9919    6.80992e-05
 9920    6.80467e-05
 9921    6.79943e-05
 9922    6.79418e-05
 9923    6.78895e-05
 9924    6.78371e-05
 9925    6.77848e-05
 9926    6.77326e-05
 9927    6.76803e-05
 9928    6.76282e-05
 9929     6.7576e-05
 9930    6.75239e-05
 9931    6.74719e-05
 9932    6.74198e-05
 9933    6.73679e-05
 9934    6.73159e-05
 9935     6.7264e-05
 9936    6.72122e-05
 9937    6.71604e-05
 9938    6.71086e-05
 9939    6.70568e-05
 9940    6.70051e-05
 9941    6.69535e-05
 9942    6.69019e-05
 9943    6.68503e-05
 9944    6.67987e-05
 9945    6.67472e-05
 9946    6.66958e-05
 9947    6.66444e-05
 9948     6.6593e-05
 9949    6.65416e-05
 9950    6.64903e-05
 9951    6.64391e-05
 9952    6.63879e-05
 9953    6.63367e-05
 9954    6.62855e-05
 9955    6.62344e-05
 9956    6.61834e-05
 9957    6.61323e-05
 9958    6.60814e-05
 9959    6.60304e-05
 9960    6.59795e-05
 9961    6.59286e-05
 9962    6.58778e-05
 9963     6.5827e-05
 9964    6.57763e-05
 9965    6.57256e-05
 9966    6.56749e-05
 9967    6.56242e-05
 9968    6.55737e-05
 9969    6.55231e-05
 9970    6.54726e-05
 9971    6.54221e-05
 9972    6.53717e-05
 9973    6.53213e-05
 9974    6.52709e-05
 9975    6.52206e-05
 9976    6.51703e-05
 9977    6.51201e-05
 9978    6.50699e-05
 9979    6.50197e-05
 9980    6.49696e-05
 9981    6.49195e-05
 9982    6.48694e-05
 9983    6.48194e-05
 9984    6.47694e-05
 9985    6.47195e-05
 9986    6.46696e-05
 9987    6.46197e-05
 9988    6.45699e-05
 9989    6.45201e-05
 9990    6.44704e-05
 9991    6.44207e-05
 9992     6.4371e-05
 9993    6.43214e-05
 9994    6.42718e-05
 9995    6.42223e-05
 9996    6.41728e-05
 9997    6.41233e-05
 9998    6.40738e-05
 9999    6.40244e-05
10000    6.39751e-05
10001    6.39258e-05
10002    6.38765e-05
10003    6.38272e-05
10004     6.3778e-05
10005    6.37288e-05
10006    6.36797e-05
10007    6.36306e-05
10008    6.35816e-05
10009    6.35325e-05
10010    6.34836e-05
10011    6.34346e-05
10012    6.33857e-05
10013    6.33368e-05
10014     6.3288e-05
10015    6.32392e-05
10016    6.31905e-05
10017    6.31418e-05
10018    6.30931e-05
10019    6.30444e-05
10020    6.29958e-05
10021    6.29473e-05
10022    6.28987e-05
10023    6.28502e-05
10024    6.28018e-05
10025    6.27534e-05
10026     6.2705e-05
10027    6.26566e-05
10028    6.26083e-05
10029    6.25601e-05
10030    6.25118e-05
10031    6.24636e-05
10032    6.24155e-05
10033    6.23674e-05
10034    6.23193e-05
10035    6.22712e-05
10036    6.22232e-05
10037    6.21752e-05
10038    6.21273e-05
10039    6.20794e-05
10040    6.20316e-05
10041    6.19837e-05
10042    6.19359e-05
10043    6.18882e-05
10044    6.18405e-05
10045    6.17928e-05
10046    6.17452e-05
10047    6.16976e-05
10048      6.165e-05
10049    6.16025e-05
10050     6.1555e-05
10051    6.15075e-05
10052    6.14601e-05
10053    6.14127e-05
10054    6.13654e-05
10055    6.13181e-05
10056    6.12708e-05
10057    6.12235e-05
10058    6.11763e-05
10059    6.11292e-05
10060     6.1082e-05
10061     6.1035e-05
10062    6.09879e-05
10063    6.09409e-05
10064    6.08939e-05
10065    6.08469e-05
10066       6.08e-05
10067    6.07532e-05
10068    6.07063e-05
10069    6.06595e-05
10070    6.06128e-05
10071     6.0566e-05
10072    6.05193e-05
10073    6.04727e-05
10074    6.04261e-05
10075    6.03795e-05
10076    6.03329e-05
10077    6.02864e-05
10078    6.02399e-05
10079    6.01935e-05
10080    6.01471e-05
10081    6.01007e-05
10082    6.00544e-05
10083    6.00081e-05
10084    5.99618e-05
10085    5.99156e-05
10086    5.98694e-05
10087    5.98232e-05
10088    5.97771e-05
10089     5.9731e-05
10090     5.9685e-05
10091     5.9639e-05
10092     5.9593e-05
10093     5.9547e-05
10094    5.95011e-05
10095    5.94552e-05
10096    5.94094e-05
10097    5.93636e-05
10098    5.93178e-05
10099    5.92721e-05
10100    5.92264e-05
10101    5.91807e-05
10102    5.91351e-05
10103    5.90895e-05
10104     5.9044e-05
10105    5.89985e-05
10106     5.8953e-05
10107    5.89075e-05
10108    5.88621e-05
10109    5.88167e-05
10110    5.87714e-05
10111    5.87261e-05
10112    5.86808e-05
10113    5.86355e-05
10114    5.85903e-05
10115    5.85452e-05
10116       5.85e-05
10117    5.84549e-05
10118    5.84099e-05
10119    5.83648e-05
10120    5.83198e-05
10121    5.82749e-05
10122    5.82299e-05
10123    5.81851e-05
10124    5.81402e-05
10125    5.80954e-05
10126    5.80506e-05
10127    5.80058e-05
10128    5.79611e-05
10129    5.79164e-05
10130    5.78718e-05
10131    5.78272e-05
10132    5.77826e-05
10133     5.7738e-05
10134    5.76935e-05
10135     5.7649e-05
10136    5.76046e-05
10137    5.75602e-05
10138    5.75158e-05
10139    5.74715e-05
10140    5.74271e-05
10141    5.73829e-05
10142    5.73386e-05
10143    5.72944e-05
10144    5.72503e-05
10145    5.72061e-05
10146     5.7162e-05
10147    5.71179e-05
10148    5.70739e-05
10149    5.70299e-05
10150    5.69859e-05
10151     5.6942e-05
10152    5.68981e-05
10153    5.68542e-05
10154    5.68104e-05
10155    5.67666e-05
10156    5.67228e-05
10157    5.66791e-05
10158    5.66354e-05
10159    5.65917e-05
10160    5.65481e-05
10161    5.65045e-05
10162     5.6461e-05
10163    5.64174e-05
10164    5.63739e-05
10165    5.63305e-05
10166     5.6287e-05
10167    5.62436e-05
10168    5.62003e-05
10169     5.6157e-05
10170    5.61137e-05
10171    5.60704e-05
10172    5.60272e-05
10173     5.5984e-05
10174    5.59408e-05
10175    5.58977e-05
10176    5.58546e-05
10177    5.58115e-05
10178    5.57685e-05
10179    5.57255e-05
10180    5.56825e-05
10181    5.56396e-05
10182    5.55967e-05
10183    5.55539e-05
10184     5.5511e-05
10185    5.54682e-05
10186    5.54255e-05
10187    5.53827e-05
10188      5.534e-05
10189    5.52974e-05
10190    5.52547e-05
10191    5.52121e-05
10192    5.51696e-05
10193     5.5127e-05
10194    5.50845e-05
10195    5.50421e-05
10196    5.49996e-05
10197    5.49572e-05
10198    5.49149e-05
10199    5.48725e-05
10200    5.48302e-05
10201    5.47879e-05
10202    5.47457e-05
10203    5.47035e-05
10204    5.46613e-05
10205    5.46192e-05
10206    5.45771e-05
10207     5.4535e-05
10208     5.4493e-05
10209    5.44509e-05
10210     5.4409e-05
10211     5.4367e-05
10212    5.43251e-05
10213    5.42832e-05
10214    5.42414e-05
10215    5.41995e-05
10216    5.41578e-05
10217     5.4116e-05
10218    5.40743e-05
10219    5.40326e-05
10220    5.39909e-05
10221    5.39493e-05
10222    5.39077e-05
10223    5.38662e-05
10224    5.38246e-05
10225    5.37831e-05
10226    5.37417e-05
10227    5.37002e-05
10228    5.36588e-05
10229    5.36175e-05
10230    5.35761e-05
10231    5.35348e-05
10232    5.34935e-05
10233    5.34523e-05
10234    5.34111e-05
10235    5.33699e-05
10236    5.33288e-05
10237    5.32877e-05
10238    5.32466e-05
10239    5.32055e-05
10240    5.31645e-05
10241    5.31235e-05
10242    5.30826e-05
10243    5.30416e-05
10244    5.30007e-05
10245    5.29599e-05
10246    5.29191e-05
10247    5.28783e-05
10248    5.28375e-05
10249    5.27968e-05
10250     5.2756e-05
10251    5.27154e-05
10252    5.26747e-05
10253    5.26341e-05
10254    5.25935e-05
10255     5.2553e-05
10256    5.25125e-05
10257     5.2472e-05
10258    5.24315e-05
10259    5.23911e-05
10260    5.23507e-05
10261    5.23104e-05
10262      5.227e-05
10263    5.22297e-05
10264    5.21895e-05
10265    5.21492e-05
10266     5.2109e-05
10267    5.20689e-05
10268    5.20287e-05
10269    5.19886e-05
10270    5.19485e-05
10271    5.19085e-05
10272    5.18684e-05
10273    5.18285e-05
10274    5.17885e-05
10275    5.17486e-05
10276    5.17087e-05
10277    5.16688e-05
10278     5.1629e-05
10279    5.15892e-05
10280    5.15494e-05
10281    5.15097e-05
10282    5.14699e-05
10283    5.14303e-05
10284    5.13906e-05
10285     5.1351e-05
10286    5.13114e-05
10287    5.12718e-05
10288    5.12323e-05
10289    5.11928e-05
10290    5.11533e-05
10291    5.11139e-05
10292    5.10745e-05
10293    5.10351e-05
10294    5.09958e-05
10295    5.09565e-05
10296    5.09172e-05
10297    5.08779e-05
10298    5.08387e-05
10299    5.07995e-05
10300    5.07603e-05
10301    5.07212e-05
10302    5.06821e-05
10303     5.0643e-05
10304     5.0604e-05
10305     5.0565e-05
10306     5.0526e-05
10307     5.0487e-05
10308    5.04481e-05
10309    5.04092e-05
10310    5.03704e-05
10311    5.03315e-05
10312    5.02927e-05
10313    5.02539e-05
10314    5.02152e-05
10315    5.01765e-05
10316    5.01378e-05
10317    5.00991e-05
10318    5.00605e-05
10319    5.00219e-05
10320    4.99834e-05
10321    4.99448e-05
10322    4.99063e-05
10323    4.98678e-05
10324    4.98294e-05
10325     4.9791e-05
10326    4.97526e-05
10327    4.97142e-05
10328    4.96759e-05
10329    4.96376e-05
10330    4.95993e-05
10331    4.95611e-05
10332    4.95229e-05
10333    4.94847e-05
10334    4.94466e-05
10335    4.94084e-05
10336    4.93703e-05
10337    4.93323e-05
10338    4.92942e-05
10339    4.92562e-05
10340    4.92183e-05
10341    4.91803e-05
10342    4.91424e-05
10343    4.91045e-05
10344    4.90667e-05
10345    4.90288e-05
10346     4.8991e-05
10347    4.89533e-05
10348    4.89155e-05
10349    4.88778e-05
10350    4.88401e-05
10351    4.88025e-05
10352    4.87648e-05
10353    4.87273e-05
10354    4.86897e-05
10355    4.86521e-05
10356    4.86146e-05
10357    4.85772e-05
10358    4.85397e-05
10359    4.85023e-05
10360    4.84649e-05
10361    4.84275e-05
10362    4.83902e-05
10363    4.83529e-05
10364    4.83156e-05
10365    4.82784e-05
10366    4.82411e-05
10367    4.82039e-05
10368    4.81668e-05
10369    4.81296e-05
10370    4.80925e-05
10371    4.80555e-05
10372    4.80184e-05
10373    4.79814e-05
10374    4.79444e-05
10375    4.79074e-05
10376    4.78705e-05
10377    4.78336e-05
10378    4.77967e-05
10379    4.77599e-05
10380     4.7723e-05
10381    4.76863e-05
10382    4.76495e-05
10383    4.76128e-05
10384     4.7576e-05
10385    4.75394e-05
10386    4.75027e-05
10387    4.74661e-05
10388    4.74295e-05
10389    4.73929e-05
10390    4.73564e-05
10391    4.73199e-05
10392    4.72834e-05
10393    4.72469e-05
10394    4.72105e-05
10395    4.71741e-05
10396    4.71378e-05
10397    4.71014e-05
10398    4.70651e-05
10399    4.70288e-05
10400    4.69926e-05
10401    4.69563e-05
10402    4.69201e-05
10403     4.6884e-05
10404    4.68478e-05
10405    4.68117e-05
10406    4.67756e-05
10407    4.67395e-05
10408    4.67035e-05
10409    4.66675e-05
10410    4.66315e-05
10411    4.65956e-05
10412    4.65596e-05
10413    4.65237e-05
10414    4.64879e-05
10415     4.6452e-05
10416    4.64162e-05
10417    4.63804e-05
10418    4.63447e-05
10419     4.6309e-05
10420    4.62732e-05
10421    4.62376e-05
10422    4.62019e-05
10423    4.61663e-05
10424    4.61307e-05
10425    4.60951e-05
10426    4.60596e-05
10427    4.60241e-05
10428    4.59886e-05
10429    4.59532e-05
10430    4.59177e-05
10431    4.58823e-05
10432     4.5847e-05
10433    4.58116e-05
10434    4.57763e-05
10435     4.5741e-05
10436    4.57057e-05
10437    4.56705e-05
10438    4.56353e-05
10439    4.56001e-05
10440    4.55649e-05
10441    4.55298e-05
10442    4.54947e-05
10443    4.54596e-05
10444    4.54246e-05
10445    4.53896e-05
10446    4.53546e-05
10447    4.53196e-05
10448    4.52847e-05
10449    4.52498e-05
10450    4.52149e-05
10451      4.518e-05
10452    4.51452e-05
10453    4.51104e-05
10454    4.50756e-05
10455    4.50408e-05
10456    4.50061e-05
10457    4.49714e-05
10458    4.49368e-05
10459    4.49021e-05
10460    4.48675e-05
10461    4.48329e-05
10462    4.47983e-05
10463    4.47638e-05
10464    4.47293e-05
10465    4.46948e-05
10466    4.46603e-05
10467    4.46259e-05
10468    4.45915e-05
10469    4.45571e-05
10470    4.45228e-05
10471    4.44885e-05
10472    4.44542e-05
10473    4.44199e-05
10474    4.43856e-05
10475    4.43514e-05
10476    4.43172e-05
10477    4.42831e-05
10478    4.42489e-05
10479    4.42148e-05
10480    4.41807e-05
10481    4.41467e-05
10482    4.41126e-05
10483    4.40786e-05
10484    4.40446e-05
10485    4.40107e-05
10486    4.39767e-05
10487    4.39428e-05
10488     4.3909e-05
10489    4.38751e-05
10490    4.38413e-05
10491    4.38075e-05
10492    4.37737e-05
10493      4.374e-05
10494    4.37062e-05
10495    4.36725e-05
10496    4.36389e-05
10497    4.36052e-05
10498    4.35716e-05
10499     4.3538e-05
10500    4.35044e-05
10501    4.34709e-05
10502    4.34374e-05
10503    4.34039e-05
10504    4.33704e-05
10505     4.3337e-05
10506    4.33036e-05
10507    4.32702e-05
10508    4.32368e-05
10509    4.32035e-05
10510    4.31702e-05
10511    4.31369e-05
10512    4.31037e-05
10513    4.30704e-05
10514    4.30372e-05
10515     4.3004e-05
10516    4.29709e-05
10517    4.29378e-05
10518    4.29047e-05
10519    4.28716e-05
10520    4.28385e-05
10521    4.28055e-05
10522    4.27725e-05
10523    4.27395e-05
10524    4.27066e-05
10525    4.26736e-05
10526    4.26407e-05
10527    4.26079e-05
10528     4.2575e-05
10529    4.25422e-05
10530    4.25094e-05
10531    4.24766e-05
10532    4.24439e-05
10533    4.24112e-05
10534    4.23785e-05
10535    4.23458e-05
10536    4.23131e-05
10537    4.22805e-05
10538    4.22479e-05
10539    4.22154e-05
10540    4.21828e-05
10541    4.21503e-05
10542    4.21178e-05
10543    4.20853e-05
10544    4.20529e-05
10545    4.20204e-05
10546    4.19881e-05
10547    4.19557e-05
10548    4.19233e-05
10549     4.1891e-05
10550    4.18587e-05
10551    4.18264e-05
10552    4.17942e-05
10553     4.1762e-05
10554    4.17298e-05
10555    4.16976e-05
10556    4.16655e-05
10557    4.16333e-05
10558    4.16012e-05
10559    4.15692e-05
10560    4.15371e-05
10561    4.15051e-05
10562    4.14731e-05
10563    4.14411e-05
10564    4.14092e-05
10565    4.13772e-05
10566    4.13453e-05
10567    4.13135e-05
10568    4.12816e-05
10569    4.12498e-05
10570     4.1218e-05
10571    4.11862e-05
10572    4.11545e-05
10573    4.11227e-05
10574     4.1091e-05
10575    4.10593e-05
10576    4.10277e-05
10577    4.09961e-05
10578    4.09645e-05
10579    4.09329e-05
10580    4.09013e-05
10581    4.08698e-05
10582    4.08383e-05
10583    4.08068e-05
10584    4.07753e-05
10585    4.07439e-05
10586    4.07125e-05
10587    4.06811e-05
10588    4.06497e-05
10589    4.06184e-05
10590    4.05871e-05
10591    4.05558e-05
10592    4.05245e-05
10593    4.04933e-05
10594    4.04621e-05
10595    4.04309e-05
10596    4.03997e-05
10597    4.03685e-05
10598    4.03374e-05
10599    4.03063e-05
10600    4.02752e-05
10601    4.02442e-05
10602    4.02132e-05
10603    4.01822e-05
10604    4.01512e-05
10605    4.01202e-05
10606    4.00893e-05
10607    4.00584e-05
10608    4.00275e-05
10609    3.99966e-05
10610    3.99658e-05
10611     3.9935e-05
10612    3.99042e-05
10613    3.98734e-05
10614    3.98427e-05
10615     3.9812e-05
10616    3.97813e-05
10617    3.97506e-05
10618      3.972e-05
10619    3.96894e-05
10620    3.96588e-05
10621    3.96282e-05
10622    3.95976e-05
10623    3.95671e-05
10624    3.95366e-05
10625    3.95061e-05
10626    3.94757e-05
10627    3.94452e-05
10628    3.94148e-05
10629    3.93844e-05
10630    3.93541e-05
10631    3.93237e-05
10632    3.92934e-05
10633    3.92631e-05
10634    3.92328e-05
10635    3.92026e-05
10636    3.91724e-05
10637    3.91422e-05
10638     3.9112e-05
10639    3.90818e-05
10640    3.90517e-05
10641    3.90216e-05
10642    3.89915e-05
10643    3.89615e-05
10644    3.89314e-05
10645    3.89014e-05
10646    3.88714e-05
10647    3.88414e-05
10648    3.88115e-05
10649    3.87816e-05
10650    3.87517e-05
10651    3.87218e-05
10652    3.86919e-05
10653    3.86621e-05
10654    3.86323e-05
10655    3.86025e-05
10656    3.85728e-05
10657     3.8543e-05
10658    3.85133e-05
10659    3.84836e-05
10660    3.84539e-05
10661    3.84243e-05
10662    3.83947e-05
10663    3.83651e-05
10664    3.83355e-05
10665    3.83059e-05
10666    3.82764e-05
10667    3.82469e-05
10668    3.82174e-05
10669    3.81879e-05
10670    3.81585e-05
10671    3.81291e-05
10672    3.80997e-05
10673    3.80703e-05
10674     3.8041e-05
10675    3.80116e-05
10676    3.79823e-05
10677    3.79531e-05
10678    3.79238e-05
10679    3.78946e-05
10680    3.78653e-05
10681    3.78361e-05
10682     3.7807e-05
10683    3.77778e-05
10684    3.77487e-05
10685    3.77196e-05
10686    3.76905e-05
10687    3.76615e-05
10688    3.76324e-05
10689    3.76034e-05
10690    3.75744e-05
10691    3.75455e-05
10692    3.75165e-05
10693    3.74876e-05
10694    3.74587e-05
10695    3.74298e-05
10696    3.74009e-05
10697    3.73721e-05
10698    3.73433e-05
10699    3.73145e-05
10700    3.72857e-05
10701     3.7257e-05
10702    3.72283e-05
10703    3.71996e-05
10704    3.71709e-05
10705    3.71422e-05
10706    3.71136e-05
10707     3.7085e-05
10708    3.70564e-05
10709    3.70278e-05
10710    3.69993e-05
10711    3.69707e-05
10712    3.69422e-05
10713    3.69138e-05
10714    3.68853e-05
10715    3.68569e-05
10716    3.68285e-05
10717    3.68001e-05
10718    3.67717e-05
10719    3.67433e-05
10720     3.6715e-05
10721    3.66867e-05
10722    3.66584e-05
10723    3.66302e-05
10724    3.66019e-05
10725    3.65737e-05
10726    3.65455e-05
10727    3.65173e-05
10728    3.64892e-05
10729     3.6461e-05
10730    3.64329e-05
10731    3.64048e-05
10732    3.63768e-05
10733    3.63487e-05
10734    3.63207e-05
10735    3.62927e-05
10736    3.62647e-05
10737    3.62368e-05
10738    3.62088e-05
10739    3.61809e-05
10740     3.6153e-05
10741    3.61251e-05
10742    3.60973e-05
10743    3.60695e-05
10744    3.60417e-05
10745    3.60139e-05
10746    3.59861e-05
10747    3.59584e-05
10748    3.59306e-05
10749    3.59029e-05
10750    3.58753e-05
10751    3.58476e-05
10752      3.582e-05
10753    3.57923e-05
10754    3.57648e-05
10755    3.57372e-05
10756    3.57096e-05
10757    3.56821e-05
10758    3.56546e-05
10759    3.56271e-05
10760    3.55996e-05
10761    3.55722e-05
10762    3.55448e-05
10763    3.55174e-05
10764      3.549e-05
10765    3.54626e-05
10766    3.54353e-05
10767     3.5408e-05
10768    3.53807e-05
10769    3.53534e-05
10770    3.53261e-05
10771    3.52989e-05
10772    3.52717e-05
10773    3.52445e-05
10774    3.52173e-05
10775    3.51902e-05
10776     3.5163e-05
10777    3.51359e-05
10778    3.51088e-05
10779    3.50818e-05
10780    3.50547e-05
10781    3.50277e-05
10782    3.50007e-05
10783    3.49737e-05
10784    3.49467e-05
10785    3.49198e-05
10786    3.48929e-05
10787     3.4866e-05
10788    3.48391e-05
10789    3.48122e-05
10790    3.47854e-05
10791    3.47586e-05
10792    3.47318e-05
10793     3.4705e-05
10794    3.46782e-05
10795    3.46515e-05
10796    3.46248e-05
10797    3.45981e-05
10798    3.45714e-05
10799    3.45448e-05
10800    3.45181e-05
10801    3.44915e-05
10802    3.44649e-05
10803    3.44384e-05
10804    3.44118e-05
10805    3.43853e-05
10806    3.43588e-05
10807    3.43323e-05
10808    3.43058e-05
10809    3.42794e-05
10810    3.42529e-05
10811    3.42265e-05
10812    3.42001e-05
10813    3.41738e-05
10814    3.41474e-05
10815    3.41211e-05
10816    3.40948e-05
10817    3.40685e-05
10818    3.40422e-05
10819     3.4016e-05
10820    3.39898e-05
10821    3.39636e-05
10822    3.39374e-05
10823    3.39112e-05
10824    3.38851e-05
10825    3.38589e-05
10826    3.38328e-05
10827    3.38068e-05
10828    3.37807e-05
10829    3.37547e-05
10830    3.37286e-05
10831    3.37026e-05
10832    3.36766e-05
10833    3.36507e-05
10834    3.36247e-05
10835    3.35988e-05
10836    3.35729e-05
10837     3.3547e-05
10838    3.35212e-05
10839    3.34953e-05
10840    3.34695e-05
10841    3.34437e-05
10842    3.34179e-05
10843    3.33921e-05
10844    3.33664e-05
10845    3.33407e-05
10846     3.3315e-05
10847    3.32893e-05
10848    3.32636e-05
10849     3.3238e-05
10850    3.32123e-05
10851    3.31867e-05
10852    3.31612e-05
10853    3.31356e-05
10854      3.311e-05
10855    3.30845e-05
10856     3.3059e-05
10857    3.30335e-05
10858    3.30081e-05
10859    3.29826e-05
10860    3.29572e-05
10861    3.29318e-05
10862    3.29064e-05
10863     3.2881e-05
10864    3.28557e-05
10865    3.28303e-05
10866     3.2805e-05
10867    3.27797e-05
10868    3.27545e-05
10869    3.27292e-05
10870     3.2704e-05
10871    3.26788e-05
10872    3.26536e-05
10873    3.26284e-05
10874    3.26032e-05
10875    3.25781e-05
10876     3.2553e-05
10877    3.25279e-05
10878    3.25028e-05
10879    3.24777e-05
10880    3.24527e-05
10881    3.24277e-05
10882    3.24027e-05
10883    3.23777e-05
10884    3.23527e-05
10885    3.23278e-05
10886    3.23029e-05
10887     3.2278e-05
10888    3.22531e-05
10889    3.22282e-05
10890    3.22034e-05
10891    3.21785e-05
10892    3.21537e-05
10893    3.21289e-05
10894    3.21042e-05
10895    3.20794e-05
10896    3.20547e-05
10897      3.203e-05
10898    3.20053e-05
10899    3.19806e-05
10900     3.1956e-05
10901    3.19313e-05
10902    3.19067e-05
10903    3.18821e-05
10904    3.18575e-05
10905     3.1833e-05
10906    3.18084e-05
10907    3.17839e-05
10908    3.17594e-05
10909    3.17349e-05
10910    3.17104e-05
10911     3.1686e-05
10912    3.16616e-05
10913    3.16372e-05
10914    3.16128e-05
10915    3.15884e-05
10916     3.1564e-05
10917    3.15397e-05
10918    3.15154e-05
10919    3.14911e-05
10920    3.14668e-05
10921    3.14426e-05
10922    3.14183e-05
10923    3.13941e-05
10924    3.13699e-05
10925    3.13457e-05
10926    3.13215e-05
10927    3.12974e-05
10928    3.12733e-05
10929    3.12491e-05
10930    3.12251e-05
10931     3.1201e-05
10932    3.11769e-05
10933    3.11529e-05
10934    3.11289e-05
10935    3.11049e-05
10936    3.10809e-05
10937    3.10569e-05
10938     3.1033e-05
10939    3.10091e-05
10940    3.09852e-05
10941    3.09613e-05
10942    3.09374e-05
10943    3.09135e-05
10944    3.08897e-05
10945    3.08659e-05
10946    3.08421e-05
10947    3.08183e-05
10948    3.07946e-05
10949    3.07708e-05
10950    3.07471e-05
10951    3.07234e-05
10952    3.06997e-05
10953     3.0676e-05
10954    3.06524e-05
10955    3.06288e-05
10956    3.06051e-05
10957    3.05815e-05
10958     3.0558e-05
10959    3.05344e-05
10960    3.05109e-05
10961    3.04873e-05
10962    3.04638e-05
10963    3.04404e-05
10964    3.04169e-05
10965    3.03934e-05
10966      3.037e-05
10967    3.03466e-05
10968    3.03232e-05
10969    3.02998e-05
10970    3.02765e-05
10971    3.02531e-05
10972    3.02298e-05
10973    3.02065e-05
10974    3.01832e-05
10975    3.01599e-05
10976    3.01367e-05
10977    3.01134e-05
10978    3.00902e-05
10979     3.0067e-05
10980    3.00438e-05
10981    3.00207e-05
10982    2.99975e-05
10983    2.99744e-05
10984    2.99513e-05
10985    2.99282e-05
10986    2.99051e-05
10987    2.98821e-05
10988     2.9859e-05
10989     2.9836e-05
10990     2.9813e-05
10991      2.979e-05
10992    2.97671e-05
10993    2.97441e-05
10994    2.97212e-05
10995    2.96983e-05
10996    2.96754e-05
10997    2.96525e-05
10998    2.96296e-05
10999    2.96068e-05
11000     2.9584e-05
11001    2.95612e-05
11002    2.95384e-05
11003    2.95156e-05
11004    2.94928e-05
11005    2.94701e-05
11006    2.94474e-05
11007    2.94247e-05
11008     2.9402e-05
11009    2.93793e-05
11010    2.93567e-05
11011     2.9334e-05
11012    2.93114e-05
11013    2.92888e-05
11014    2.92662e-05
11015    2.92437e-05
11016    2.92211e-05
11017    2.91986e-05
11018    2.91761e-05
11019    2.91536e-05
11020    2.91311e-05
11021    2.91087e-05
11022    2.90862e-05
11023    2.90638e-05
11024    2.90414e-05
11025     2.9019e-05
11026    2.89966e-05
11027    2.89743e-05
11028    2.89519e-05
11029    2.89296e-05
11030    2.89073e-05
11031     2.8885e-05
11032    2.88628e-05
11033    2.88405e-05
11034    2.88183e-05
11035    2.87961e-05
11036    2.87739e-05
11037    2.87517e-05
11038    2.87295e-05
11039    2.87074e-05
11040    2.86852e-05
11041    2.86631e-05
11042     2.8641e-05
11043    2.86189e-05
11044    2.85969e-05
11045    2.85748e-05
11046    2.85528e-05
11047    2.85308e-05
11048    2.85088e-05
11049    2.84868e-05
11050    2.84648e-05
11051    2.84429e-05
11052     2.8421e-05
11053    2.83991e-05
11054    2.83772e-05
11055    2.83553e-05
11056    2.83334e-05
11057    2.83116e-05
11058    2.82897e-05
11059    2.82679e-05
11060    2.82461e-05
11061    2.82244e-05
11062    2.82026e-05
11063    2.81809e-05
11064    2.81591e-05
11065    2.81374e-05
11066    2.81157e-05
11067    2.80941e-05
11068    2.80724e-05
11069    2.80508e-05
11070    2.80291e-05
11071    2.80075e-05
11072    2.79859e-05
11073    2.79644e-05
11074    2.79428e-05
11075    2.79212e-05
11076    2.78997e-05
11077    2.78782e-05
11078    2.78567e-05
11079    2.78352e-05
11080    2.78138e-05
11081    2.77923e-05
11082    2.77709e-05
11083    2.77495e-05
11084    2.77281e-05
11085    2.77067e-05
11086    2.76854e-05
11087     2.7664e-05
11088    2.76427e-05
11089    2.76214e-05
11090    2.76001e-05
11091    2.75788e-05
11092    2.75575e-05
11093    2.75363e-05
11094    2.75151e-05
11095    2.74939e-05
11096    2.74727e-05
11097    2.74515e-05
11098    2.74303e-05
11099    2.74092e-05
11100     2.7388e-05
11101    2.73669e-05
11102    2.73458e-05
11103    2.73247e-05
11104    2.73037e-05
11105    2.72826e-05
11106    2.72616e-05
11107    2.72406e-05
11108    2.72196e-05
11109    2.71986e-05
11110    2.71776e-05
11111    2.71567e-05
11112    2.71357e-05
11113    2.71148e-05
11114    2.70939e-05
11115     2.7073e-05
11116    2.70521e-05
11117    2.70313e-05
11118    2.70104e-05
11119    2.69896e-05
11120    2.69688e-05
11121     2.6948e-05
11122    2.69272e-05
11123    2.69065e-05
11124    2.68857e-05
11125     2.6865e-05
11126    2.68443e-05
11127    2.68236e-05
11128    2.68029e-05
11129    2.67823e-05
11130    2.67616e-05
11131     2.6741e-05
11132    2.67204e-05
11133    2.66998e-05
11134    2.66792e-05
11135    2.66586e-05
11136    2.66381e-05
11137    2.66175e-05
11138     2.6597e-05
11139    2.65765e-05
11140     2.6556e-05
11141    2.65355e-05
11142    2.65151e-05
11143    2.64946e-05
11144    2.64742e-05
11145    2.64538e-05
11146    2.64334e-05
11147     2.6413e-05
11148    2.63927e-05
11149    2.63723e-05
11150     2.6352e-05
11151    2.63317e-05
11152    2.63114e-05
11153    2.62911e-05
11154    2.62708e-05
11155    2.62506e-05
11156    2.62303e-05
11157    2.62101e-05
11158    2.61899e-05
11159    2.61697e-05
11160    2.61495e-05
11161    2.61294e-05
11162    2.61092e-05
11163    2.60891e-05
11164     2.6069e-05
11165    2.60489e-05
11166    2.60288e-05
11167    2.60087e-05
11168    2.59887e-05
11169    2.59686e-05
11170    2.59486e-05
11171    2.59286e-05
11172    2.59086e-05
11173    2.58886e-05
11174    2.58687e-05
11175    2.58487e-05
11176    2.58288e-05
11177    2.58089e-05
11178     2.5789e-05
11179    2.57691e-05
11180    2.57493e-05
11181    2.57294e-05
11182    2.57096e-05
11183    2.56897e-05
11184    2.56699e-05
11185    2.56501e-05
11186    2.56304e-05
11187    2.56106e-05
11188    2.55909e-05
11189    2.55711e-05
11190    2.55514e-05
11191    2.55317e-05
11192     2.5512e-05
11193    2.54924e-05
11194    2.54727e-05
11195    2.54531e-05
11196    2.54335e-05
11197    2.54138e-05
11198    2.53943e-05
11199    2.53747e-05
11200    2.53551e-05
11201    2.53356e-05
11202     2.5316e-05
11203    2.52965e-05
11204     2.5277e-05
11205    2.52575e-05
11206     2.5238e-05
11207    2.52186e-05
11208    2.51991e-05
11209    2.51797e-05
11210    2.51603e-05
11211    2.51409e-05
11212    2.51215e-05
11213    2.51022e-05
11214    2.50828e-05
11215    2.50635e-05
11216    2.50441e-05
11217    2.50248e-05
11218    2.50055e-05
11219    2.49863e-05
11220     2.4967e-05
11221    2.49478e-05
11222    2.49285e-05
11223    2.49093e-05
11224    2.48901e-05
11225    2.48709e-05
11226    2.48517e-05
11227    2.48326e-05
11228    2.48134e-05
11229    2.47943e-05
11230    2.47752e-05
11231    2.47561e-05
11232     2.4737e-05
11233    2.47179e-05
11234    2.46989e-05
11235    2.46798e-05
11236    2.46608e-05
11237    2.46418e-05
11238    2.46228e-05
11239    2.46038e-05
11240    2.45848e-05
11241    2.45659e-05
11242    2.45469e-05
11243     2.4528e-05
11244    2.45091e-05
11245    2.44902e-05
11246    2.44713e-05
11247    2.44525e-05
11248    2.44336e-05
11249    2.44148e-05
11250     2.4396e-05
11251    2.43771e-05
11252    2.43584e-05
11253    2.43396e-05
11254    2.43208e-05
11255    2.43021e-05
11256    2.42833e-05
11257    2.42646e-05
11258    2.42459e-05
11259    2.42272e-05
11260    2.42085e-05
11261    2.41899e-05
11262    2.41712e-05
11263    2.41526e-05
11264     2.4134e-05
11265    2.41153e-05
11266    2.40968e-05
11267    2.40782e-05
11268    2.40596e-05
11269    2.40411e-05
11270    2.40225e-05
11271     2.4004e-05
11272    2.39855e-05
11273     2.3967e-05
11274    2.39485e-05
11275    2.39301e-05
11276    2.39116e-05
11277    2.38932e-05
11278    2.38748e-05
11279    2.38564e-05
11280     2.3838e-05
11281    2.38196e-05
11282    2.38012e-05
11283    2.37829e-05
11284    2.37645e-05
11285    2.37462e-05
11286    2.37279e-05
11287    2.37096e-05
11288    2.36913e-05
11289    2.36731e-05
11290    2.36548e-05
11291    2.36366e-05
11292    2.36184e-05
11293    2.36001e-05
11294     2.3582e-05
11295    2.35638e-05
11296    2.35456e-05
11297    2.35275e-05
11298    2.35093e-05
11299    2.34912e-05
11300    2.34731e-05
11301     2.3455e-05
11302    2.34369e-05
11303    2.34188e-05
11304    2.34008e-05
11305    2.33827e-05
11306    2.33647e-05
11307    2.33467e-05
11308    2.33287e-05
11309    2.33107e-05
11310    2.32927e-05
11311    2.32748e-05
11312    2.32568e-05
11313    2.32389e-05
11314     2.3221e-05
11315    2.32031e-05
11316    2.31852e-05
11317    2.31673e-05
11318    2.31495e-05
11319    2.31316e-05
11320    2.31138e-05
11321     2.3096e-05
11322    2.30782e-05
11323    2.30604e-05
11324    2.30426e-05
11325    2.30248e-05
11326    2.30071e-05
11327    2.29893e-05
11328    2.29716e-05
11329    2.29539e-05
11330    2.29362e-05
11331    2.29185e-05
11332    2.29008e-05
11333    2.28832e-05
11334    2.28655e-05
11335    2.28479e-05
11336    2.28303e-05
11337    2.28127e-05
11338    2.27951e-05
11339    2.27775e-05
11340      2.276e-05
11341    2.27424e-05
11342    2.27249e-05
11343    2.27074e-05
11344    2.26899e-05
11345    2.26724e-05
11346    2.26549e-05
11347    2.26374e-05
11348      2.262e-05
11349    2.26025e-05
11350    2.25851e-05
11351    2.25677e-05
11352    2.25503e-05
11353    2.25329e-05
11354    2.25155e-05
11355    2.24982e-05
11356    2.24808e-05
11357    2.24635e-05
11358    2.24462e-05
11359    2.24289e-05
11360    2.24116e-05
11361    2.23943e-05
11362    2.23771e-05
11363    2.23598e-05
11364    2.23426e-05
11365    2.23253e-05
11366    2.23081e-05
11367    2.22909e-05
11368    2.22737e-05
11369    2.22566e-05
11370    2.22394e-05
11371    2.22223e-05
11372    2.22051e-05
11373     2.2188e-05
11374    2.21709e-05
11375    2.21538e-05
11376    2.21367e-05
11377    2.21197e-05
11378    2.21026e-05
11379    2.20856e-05
11380    2.20685e-05
11381    2.20515e-05
11382    2.20345e-05
11383    2.20175e-05
11384    2.20006e-05
11385    2.19836e-05
11386    2.19667e-05
11387    2.19497e-05
11388    2.19328e-05
11389    2.19159e-05
11390     2.1899e-05
11391    2.18821e-05
11392    2.18652e-05
11393    2.18484e-05
11394    2.18315e-05
11395    2.18147e-05
11396    2.17979e-05
11397    2.17811e-05
11398    2.17643e-05
11399    2.17475e-05
11400    2.17307e-05
11401     2.1714e-05
11402    2.16973e-05
11403    2.16805e-05
11404    2.16638e-05
11405    2.16471e-05
11406    2.16304e-05
11407    2.16137e-05
11408    2.15971e-05
11409    2.15804e-05
11410    2.15638e-05
11411    2.15472e-05
11412    2.15306e-05
11413     2.1514e-05
11414    2.14974e-05
11415    2.14808e-05
11416    2.14642e-05
11417    2.14477e-05
11418    2.14311e-05
11419    2.14146e-05
11420    2.13981e-05
11421    2.13816e-05
11422    2.13651e-05
11423    2.13487e-05
11424    2.13322e-05
11425    2.13158e-05
11426    2.12993e-05
11427    2.12829e-05
11428    2.12665e-05
11429    2.12501e-05
11430    2.12337e-05
11431    2.12173e-05
11432     2.1201e-05
11433    2.11846e-05
11434    2.11683e-05
11435     2.1152e-05
11436    2.11357e-05
11437    2.11194e-05
11438    2.11031e-05
11439    2.10868e-05
11440    2.10706e-05
11441    2.10543e-05
11442    2.10381e-05
11443    2.10219e-05
11444    2.10057e-05
11445    2.09895e-05
11446    2.09733e-05
11447    2.09571e-05
11448     2.0941e-05
11449    2.09248e-05
11450    2.09087e-05
11451    2.08926e-05
11452    2.08765e-05
11453    2.08604e-05
11454    2.08443e-05
11455    2.08282e-05
11456    2.08122e-05
11457    2.07961e-05
11458    2.07801e-05
11459    2.07641e-05
11460    2.07481e-05
11461    2.07321e-05
11462    2.07161e-05
11463    2.07001e-05
11464    2.06841e-05
11465    2.06682e-05
11466    2.06523e-05
11467    2.06363e-05
11468    2.06204e-05
11469    2.06045e-05
11470    2.05886e-05
11471    2.05728e-05
11472    2.05569e-05
11473    2.05411e-05
11474    2.05252e-05
11475    2.05094e-05
11476    2.04936e-05
11477    2.04778e-05
11478     2.0462e-05
11479    2.04462e-05
11480    2.04305e-05
11481    2.04147e-05
11482     2.0399e-05
11483    2.03832e-05
11484    2.03675e-05
11485    2.03518e-05
11486    2.03361e-05
11487    2.03205e-05
11488    2.03048e-05
11489    2.02891e-05
11490    2.02735e-05
11491    2.02579e-05
11492    2.02423e-05
11493    2.02266e-05
11494    2.02111e-05
11495    2.01955e-05
11496    2.01799e-05
11497    2.01643e-05
11498    2.01488e-05
11499    2.01333e-05
11500    2.01177e-05
11501    2.01022e-05
11502    2.00867e-05
11503    2.00712e-05
11504    2.00558e-05
11505    2.00403e-05
11506    2.00249e-05
11507    2.00094e-05
11508     1.9994e-05
11509    1.99786e-05
11510    1.99632e-05
11511    1.99478e-05
11512    1.99324e-05
11513     1.9917e-05
11514    1.99017e-05
11515    1.98863e-05
11516     1.9871e-05
11517    1.98557e-05
11518    1.98404e-05
11519    1.98251e-05
11520    1.98098e-05
11521    1.97945e-05
11522    1.97793e-05
11523     1.9764e-05
11524    1.97488e-05
11525    1.97336e-05
11526    1.97183e-05
11527    1.97031e-05
11528    1.96879e-05
11529    1.96728e-05
11530    1.96576e-05
11531    1.96424e-05
11532    1.96273e-05
11533    1.96122e-05
11534    1.95971e-05
11535    1.95819e-05
11536    1.95668e-05
11537    1.95518e-05
11538    1.95367e-05
11539    1.95216e-05
11540    1.95066e-05
11541    1.94915e-05
11542    1.94765e-05
11543    1.94615e-05
11544    1.94465e-05
11545    1.94315e-05
11546    1.94165e-05
11547    1.94015e-05
11548    1.93866e-05
11549    1.93716e-05
11550    1.93567e-05
11551    1.93418e-05
11552    1.93269e-05
11553     1.9312e-05
11554    1.92971e-05
11555    1.92822e-05
11556    1.92673e-05
11557    1.92525e-05
11558    1.92376e-05
11559    1.92228e-05
11560     1.9208e-05
11561    1.91932e-05
11562    1.91784e-05
11563    1.91636e-05
11564    1.91488e-05
11565    1.91341e-05
11566    1.91193e-05
11567    1.91046e-05
11568    1.90898e-05
11569    1.90751e-05
11570    1.90604e-05
11571    1.90457e-05
11572     1.9031e-05
11573    1.90164e-05
11574    1.90017e-05
11575    1.89871e-05
11576    1.89724e-05
11577    1.89578e-05
11578    1.89432e-05
11579    1.89286e-05
11580     1.8914e-05
11581    1.88994e-05
11582    1.88848e-05
11583    1.88703e-05
11584    1.88557e-05
11585    1.88412e-05
11586    1.88267e-05
11587    1.88121e-05
11588    1.87976e-05
11589    1.87831e-05
11590    1.87687e-05
11591    1.87542e-05
11592    1.87397e-05
11593    1.87253e-05
11594    1.87108e-05
11595    1.86964e-05
11596     1.8682e-05
11597    1.86676e-05
11598    1.86532e-05
11599    1.86388e-05
11600    1.86245e-05
11601    1.86101e-05
11602    1.85958e-05
11603    1.85814e-05
11604    1.85671e-05
11605    1.85528e-05
11606    1.85385e-05
11607    1.85242e-05
11608    1.85099e-05
11609    1.84956e-05
11610    1.84814e-05
11611    1.84671e-05
11612    1.84529e-05
11613    1.84387e-05
11614    1.84244e-05
11615    1.84102e-05
11616     1.8396e-05
11617    1.83819e-05
11618    1.83677e-05
11619    1.83535e-05
11620    1.83394e-05
11621    1.83252e-05
11622    1.83111e-05
11623     1.8297e-05
11624    1.82829e-05
11625    1.82688e-05
11626    1.82547e-05
11627    1.82406e-05
11628    1.82266e-05
11629    1.82125e-05
11630    1.81985e-05
11631    1.81844e-05
11632    1.81704e-05
11633    1.81564e-05
11634    1.81424e-05
11635    1.81284e-05
11636    1.81145e-05
11637    1.81005e-05
11638    1.80865e-05
11639    1.80726e-05
11640    1.80587e-05
11641    1.80447e-05
11642    1.80308e-05
11643    1.80169e-05
11644     1.8003e-05
11645    1.79892e-05
11646    1.79753e-05
11647    1.79614e-05
11648    1.79476e-05
11649    1.79337e-05
11650    1.79199e-05
11651    1.79061e-05
11652    1.78923e-05
11653    1.78785e-05
11654    1.78647e-05
11655    1.78509e-05
11656    1.78372e-05
11657    1.78234e-05
11658    1.78097e-05
11659     1.7796e-05
11660    1.77822e-05
11661    1.77685e-05
11662    1.77548e-05
11663    1.77411e-05
11664    1.77275e-05
11665    1.77138e-05
11666    1.77001e-05
11667    1.76865e-05
11668    1.76729e-05
11669    1.76592e-05
11670    1.76456e-05
11671     1.7632e-05
11672    1.76184e-05
11673    1.76048e-05
11674    1.75913e-05
11675    1.75777e-05
11676    1.75642e-05
11677    1.75506e-05
11678    1.75371e-05
11679    1.75236e-05
11680      1.751e-05
11681    1.74966e-05
11682    1.74831e-05
11683    1.74696e-05
11684    1.74561e-05
11685    1.74427e-05
11686    1.74292e-05
11687    1.74158e-05
11688    1.74023e-05
11689    1.73889e-05
11690    1.73755e-05
11691    1.73621e-05
11692    1.73487e-05
11693    1.73354e-05
11694     1.7322e-05
11695    1.73086e-05
11696    1.72953e-05
11697     1.7282e-05
11698    1.72686e-05
11699    1.72553e-05
11700     1.7242e-05
11701    1.72287e-05
11702    1.72155e-05
11703    1.72022e-05
11704    1.71889e-05
11705    1.71757e-05
11706    1.71624e-05
11707    1.71492e-05
11708     1.7136e-05
11709    1.71228e-05
11710    1.71096e-05
11711    1.70964e-05
11712    1.70832e-05
11713      1.707e-05
11714    1.70569e-05
11715    1.70437e-05
11716    1.70306e-05
11717    1.70174e-05
11718    1.70043e-05
11719    1.69912e-05
11720    1.69781e-05
11721     1.6965e-05
11722    1.69519e-05
11723    1.69389e-05
11724    1.69258e-05
11725    1.69128e-05
11726    1.68997e-05
11727    1.68867e-05
11728    1.68737e-05
11729    1.68607e-05
11730    1.68477e-05
11731    1.68347e-05
11732    1.68217e-05
11733    1.68087e-05
11734    1.67958e-05
11735    1.67828e-05
11736    1.67699e-05
11737     1.6757e-05
11738     1.6744e-05
11739    1.67311e-05
11740    1.67182e-05
11741    1.67053e-05
11742    1.66925e-05
11743    1.66796e-05
11744    1.66667e-05
11745    1.66539e-05
11746     1.6641e-05
11747    1.66282e-05
11748    1.66154e-05
11749    1.66026e-05
11750    1.65898e-05
11751     1.6577e-05
11752    1.65642e-05
11753    1.65514e-05
11754    1.65387e-05
11755    1.65259e-05
11756    1.65132e-05
11757    1.65005e-05
11758    1.64877e-05
11759     1.6475e-05
11760    1.64623e-05
11761    1.64496e-05
11762    1.64369e-05
11763    1.64243e-05
11764    1.64116e-05
11765     1.6399e-05
11766    1.63863e-05
11767    1.63737e-05
11768    1.63611e-05
11769    1.63484e-05
11770    1.63358e-05
11771    1.63232e-05
11772    1.63107e-05
11773    1.62981e-05
11774    1.62855e-05
11775     1.6273e-05
11776    1.62604e-05
11777    1.62479e-05
11778    1.62354e-05
11779    1.62228e-05
11780    1.62103e-05
11781    1.61978e-05
11782    1.61853e-05
11783    1.61729e-05
11784    1.61604e-05
11785    1.61479e-05
11786    1.61355e-05
11787    1.61231e-05
11788    1.61106e-05
11789    1.60982e-05
11790    1.60858e-05
11791    1.60734e-05
11792     1.6061e-05
11793    1.60486e-05
11794    1.60362e-05
11795    1.60239e-05
11796    1.60115e-05
11797    1.59992e-05
11798    1.59868e-05
11799    1.59745e-05
11800    1.59622e-05
11801    1.59499e-05
11802    1.59376e-05
11803    1.59253e-05
11804     1.5913e-05
11805    1.59008e-05
11806    1.58885e-05
11807    1.58763e-05
11808     1.5864e-05
11809    1.58518e-05
11810    1.58396e-05
11811    1.58274e-05
11812    1.58152e-05
11813     1.5803e-05
11814    1.57908e-05
11815    1.57786e-05
11816    1.57664e-05
11817    1.57543e-05
11818    1.57421e-05
11819      1.573e-05
11820    1.57179e-05
11821    1.57058e-05
11822    1.56936e-05
11823    1.56815e-05
11824    1.56695e-05
11825    1.56574e-05
11826    1.56453e-05
11827    1.56332e-05
11828    1.56212e-05
11829    1.56091e-05
11830    1.55971e-05
11831    1.55851e-05
11832    1.55731e-05
11833    1.55611e-05
11834    1.55491e-05
11835    1.55371e-05
11836    1.55251e-05
11837    1.55131e-05
11838    1.55012e-05
11839    1.54892e-05
11840    1.54773e-05
11841    1.54653e-05
11842    1.54534e-05
11843    1.54415e-05
11844    1.54296e-05
11845    1.54177e-05
11846    1.54058e-05
11847    1.53939e-05
11848    1.53821e-05
11849    1.53702e-05
11850    1.53584e-05
11851    1.53465e-05
11852    1.53347e-05
11853    1.53229e-05
11854    1.53111e-05
11855    1.52993e-05
11856    1.52875e-05
11857    1.52757e-05
11858    1.52639e-05
11859    1.52521e-05
11860    1.52404e-05
11861    1.52286e-05
11862    1.52169e-05
11863    1.52052e-05
11864    1.51934e-05
11865    1.51817e-05
11866      1.517e-05
11867    1.51583e-05
11868    1.51466e-05
11869     1.5135e-05
11870    1.51233e-05
11871    1.51116e-05
11872       1.51e-05
11873    1.50883e-05
11874    1.50767e-05
11875    1.50651e-05
11876    1.50535e-05
11877    1.50419e-05
11878    1.50303e-05
11879    1.50187e-05
11880    1.50071e-05
11881    1.49955e-05
11882     1.4984e-05
11883    1.49724e-05
11884    1.49609e-05
11885    1.49493e-05
11886    1.49378e-05
11887    1.49263e-05
11888    1.49148e-05
11889    1.49033e-05
11890    1.48918e-05
11891    1.48803e-05
11892    1.48688e-05
11893    1.48574e-05
11894    1.48459e-05
11895    1.48345e-05
11896     1.4823e-05
11897    1.48116e-05
11898    1.48002e-05
11899    1.47888e-05
11900    1.47774e-05
11901     1.4766e-05
11902    1.47546e-05
11903    1.47432e-05
11904    1.47319e-05
11905    1.47205e-05
11906    1.47092e-05
11907    1.46978e-05
11908    1.46865e-05
11909    1.46752e-05
11910    1.46638e-05
11911    1.46525e-05
11912    1.46412e-05
11913      1.463e-05
11914    1.46187e-05
11915    1.46074e-05
11916    1.45961e-05
11917    1.45849e-05
11918    1.45736e-05
11919    1.45624e-05
11920    1.45512e-05
11921      1.454e-05
11922    1.45288e-05
11923    1.45176e-05
11924    1.45064e-05
11925    1.44952e-05
11926     1.4484e-05
11927    1.44728e-05
11928    1.44617e-05
11929    1.44505e-05
11930    1.44394e-05
11931    1.44283e-05
11932    1.44171e-05
11933     1.4406e-05
11934    1.43949e-05
11935    1.43838e-05
11936    1.43727e-05
11937    1.43616e-05
11938    1.43506e-05
11939    1.43395e-05
11940    1.43285e-05
11941    1.43174e-05
11942    1.43064e-05
11943    1.42953e-05
11944    1.42843e-05
11945    1.42733e-05
11946    1.42623e-05
11947    1.42513e-05
11948    1.42403e-05
11949    1.42293e-05
11950    1.42184e-05
11951    1.42074e-05
11952    1.41965e-05
11953    1.41855e-05
11954    1.41746e-05
11955    1.41636e-05
11956    1.41527e-05
11957    1.41418e-05
11958    1.41309e-05
11959      1.412e-05
11960    1.41091e-05
11961    1.40982e-05
11962    1.40874e-05
11963    1.40765e-05
11964    1.40657e-05
11965    1.40548e-05
11966     1.4044e-05
11967    1.40332e-05
11968    1.40223e-05
11969    1.40115e-05
11970    1.40007e-05
11971    1.39899e-05
11972    1.39791e-05
11973    1.39684e-05
11974    1.39576e-05
11975    1.39468e-05
11976    1.39361e-05
11977    1.39253e-05
11978    1.39146e-05
11979    1.39039e-05
11980    1.38932e-05
11981    1.38824e-05
11982    1.38717e-05
11983    1.38611e-05
11984    1.38504e-05
11985    1.38397e-05
11986     1.3829e-05
11987    1.38184e-05
11988    1.38077e-05
11989    1.37971e-05
11990    1.37864e-05
11991    1.37758e-05
11992    1.37652e-05
11993    1.37546e-05
11994     1.3744e-05
11995    1.37334e-05
11996    1.37228e-05
11997    1.37122e-05
11998    1.37016e-05
11999    1.36911e-05
12000    1.36805e-05
12001      1.367e-05
12002    1.36594e-05
12003    1.36489e-05
12004    1.36384e-05
12005    1.36278e-05
12006    1.36173e-05
12007    1.36068e-05
12008    1.35963e-05
12009    1.35859e-05
12010    1.35754e-05
12011    1.35649e-05
12012    1.35545e-05
12013     1.3544e-05
12014    1.35336e-05
12015    1.35231e-05
12016    1.35127e-05
12017    1.35023e-05
12018    1.34919e-05
12019    1.34815e-05
12020    1.34711e-05
12021    1.34607e-05
12022    1.34503e-05
12023      1.344e-05
12024    1.34296e-05
12025    1.34192e-05
12026    1.34089e-05
12027    1.33986e-05
12028    1.33882e-05
12029    1.33779e-05
12030    1.33676e-05
12031    1.33573e-05
12032     1.3347e-05
12033    1.33367e-05
12034    1.33264e-05
12035    1.33161e-05
12036    1.33059e-05
12037    1.32956e-05
12038    1.32854e-05
12039    1.32751e-05
12040    1.32649e-05
12041    1.32547e-05
12042    1.32444e-05
12043    1.32342e-05
12044     1.3224e-05
12045    1.32138e-05
12046    1.32037e-05
12047    1.31935e-05
12048    1.31833e-05
12049    1.31731e-05
12050     1.3163e-05
12051    1.31528e-05
12052    1.31427e-05
12053    1.31326e-05
12054    1.31224e-05
12055    1.31123e-05
12056    1.31022e-05
12057    1.30921e-05
12058     1.3082e-05
12059    1.30719e-05
12060    1.30619e-05
12061    1.30518e-05
12062    1.30417e-05
12063    1.30317e-05
12064    1.30216e-05
12065    1.30116e-05
12066    1.30015e-05
12067    1.29915e-05
12068    1.29815e-05
12069    1.29715e-05
12070    1.29615e-05
12071    1.29515e-05
12072    1.29415e-05
12073    1.29315e-05
12074    1.29216e-05
12075    1.29116e-05
12076    1.29017e-05
12077    1.28917e-05
12078    1.28818e-05
12079    1.28718e-05
12080    1.28619e-05
12081     1.2852e-05
12082    1.28421e-05
12083    1.28322e-05
12084    1.28223e-05
12085    1.28124e-05
12086    1.28025e-05
12087    1.27927e-05
12088    1.27828e-05
12089    1.27729e-05
12090    1.27631e-05
12091    1.27533e-05
12092    1.27434e-05
12093    1.27336e-05
12094    1.27238e-05
12095     1.2714e-05
12096    1.27042e-05
12097    1.26944e-05
12098    1.26846e-05
12099    1.26748e-05
12100     1.2665e-05
12101    1.26553e-05
12102    1.26455e-05
12103    1.26358e-05
12104     1.2626e-05
12105    1.26163e-05
12106    1.26066e-05
12107    1.25968e-05
12108    1.25871e-05
12109    1.25774e-05
12110    1.25677e-05
12111     1.2558e-05
12112    1.25484e-05
12113    1.25387e-05
12114     1.2529e-05
12115    1.25194e-05
12116    1.25097e-05
12117    1.25001e-05
12118    1.24904e-05
12119    1.24808e-05
12120    1.24712e-05
12121    1.24616e-05
12122     1.2452e-05
12123    1.24424e-05
12124    1.24328e-05
12125    1.24232e-05
12126    1.24136e-05
12127     1.2404e-05
12128    1.23945e-05
12129    1.23849e-05
12130    1.23754e-05
12131    1.23658e-05
12132    1.23563e-05
12133    1.23468e-05
12134    1.23372e-05
12135    1.23277e-05
12136    1.23182e-05
12137    1.23087e-05
12138    1.22992e-05
12139    1.22898e-05
12140    1.22803e-05
12141    1.22708e-05
12142    1.22614e-05
12143    1.22519e-05
12144    1.22425e-05
12145     1.2233e-05
12146    1.22236e-05
12147    1.22142e-05
12148    1.22047e-05
12149    1.21953e-05
12150    1.21859e-05
12151    1.21765e-05
12152    1.21672e-05
12153    1.21578e-05
12154    1.21484e-05
12155     1.2139e-05
12156    1.21297e-05
12157    1.21203e-05
12158     1.2111e-05
12159    1.21016e-05
12160    1.20923e-05
12161     1.2083e-05
12162    1.20737e-05
12163    1.20644e-05
12164    1.20551e-05
12165    1.20458e-05
12166    1.20365e-05
12167    1.20272e-05
12168    1.20179e-05
12169    1.20087e-05
12170    1.19994e-05
12171    1.19902e-05
12172    1.19809e-05
12173    1.19717e-05
12174    1.19624e-05
12175    1.19532e-05
12176     1.1944e-05
12177    1.19348e-05
12178    1.19256e-05
12179    1.19164e-05
12180    1.19072e-05
12181     1.1898e-05
12182    1.18889e-05
12183    1.18797e-05
12184    1.18705e-05
12185    1.18614e-05
12186    1.18522e-05
12187    1.18431e-05
12188     1.1834e-05
12189    1.18248e-05
12190    1.18157e-05
12191    1.18066e-05
12192    1.17975e-05
12193    1.17884e-05
12194    1.17793e-05
12195    1.17703e-05
12196    1.17612e-05
12197    1.17521e-05
12198    1.17431e-05
12199     1.1734e-05
12200     1.1725e-05
12201    1.17159e-05
12202    1.17069e-05
12203    1.16979e-05
12204    1.16888e-05
12205    1.16798e-05
12206    1.16708e-05
12207    1.16618e-05
12208    1.16528e-05
12209    1.16438e-05
12210    1.16349e-05
12211    1.16259e-05
12212    1.16169e-05
12213     1.1608e-05
12214     1.1599e-05
12215    1.15901e-05
12216    1.15812e-05
12217    1.15722e-05
12218    1.15633e-05
12219    1.15544e-05
12220    1.15455e-05
12221    1.15366e-05
12222    1.15277e-05
12223    1.15188e-05
12224    1.15099e-05
12225     1.1501e-05
12226    1.14922e-05
12227    1.14833e-05
12228    1.14745e-05
12229    1.14656e-05
12230    1.14568e-05
12231    1.14479e-05
12232    1.14391e-05
12233    1.14303e-05
12234    1.14215e-05
12235    1.14127e-05
12236    1.14039e-05
12237    1.13951e-05
12238    1.13863e-05
12239    1.13775e-05
12240    1.13688e-05
12241      1.136e-05
12242    1.13512e-05
12243    1.13425e-05
12244    1.13337e-05
12245     1.1325e-05
12246    1.13163e-05
12247    1.13075e-05
12248    1.12988e-05
12249    1.12901e-05
12250    1.12814e-05
12251    1.12727e-05
12252     1.1264e-05
12253    1.12553e-05
12254    1.12467e-05
12255     1.1238e-05
12256    1.12293e-05
12257    1.12207e-05
12258     1.1212e-05
12259    1.12034e-05
12260    1.11947e-05
12261    1.11861e-05
12262    1.11775e-05
12263    1.11689e-05
12264    1.11603e-05
12265    1.11516e-05
12266    1.11431e-05
12267    1.11345e-05
12268    1.11259e-05
12269    1.11173e-05
12270    1.11087e-05
12271    1.11002e-05
12272    1.10916e-05
12273    1.10831e-05
12274    1.10745e-05
12275     1.1066e-05
12276    1.10574e-05
12277    1.10489e-05
12278    1.10404e-05
12279    1.10319e-05
12280    1.10234e-05
12281    1.10149e-05
12282    1.10064e-05
12283    1.09979e-05
12284    1.09894e-05
12285     1.0981e-05
12286    1.09725e-05
12287     1.0964e-05
12288    1.09556e-05
12289    1.09471e-05
12290    1.09387e-05
12291    1.09303e-05
12292    1.09218e-05
12293    1.09134e-05
12294     1.0905e-05
12295    1.08966e-05
12296    1.08882e-05
12297    1.08798e-05
12298    1.08714e-05
12299     1.0863e-05
12300    1.08546e-05
12301    1.08463e-05
12302    1.08379e-05
12303    1.08296e-05
12304    1.08212e-05
12305    1.08129e-05
12306    1.08045e-05
12307    1.07962e-05
12308    1.07879e-05
12309    1.07796e-05
12310    1.07712e-05
12311    1.07629e-05
12312    1.07546e-05
12313    1.07464e-05
12314    1.07381e-05
12315    1.07298e-05
12316    1.07215e-05
12317    1.07133e-05
12318     1.0705e-05
12319    1.06967e-05
12320    1.06885e-05
12321    1.06803e-05
12322     1.0672e-05
12323    1.06638e-05
12324    1.06556e-05
12325    1.06474e-05
12326    1.06391e-05
12327    1.06309e-05
12328    1.06227e-05
12329    1.06146e-05
12330    1.06064e-05
12331    1.05982e-05
12332      1.059e-05
12333    1.05819e-05
12334    1.05737e-05
12335    1.05656e-05
12336    1.05574e-05
12337    1.05493e-05
12338    1.05411e-05
12339     1.0533e-05
12340    1.05249e-05
12341    1.05168e-05
12342    1.05087e-05
12343    1.05006e-05
12344    1.04925e-05
12345    1.04844e-05
12346    1.04763e-05
12347    1.04682e-05
12348    1.04601e-05
12349    1.04521e-05
12350     1.0444e-05
12351     1.0436e-05
12352    1.04279e-05
12353    1.04199e-05
12354    1.04119e-05
12355    1.04038e-05
12356    1.03958e-05
12357    1.03878e-05
12358    1.03798e-05
12359    1.03718e-05
12360    1.03638e-05
12361    1.03558e-05
12362    1.03478e-05
12363    1.03398e-05
12364    1.03319e-05
12365    1.03239e-05
12366    1.03159e-05
12367     1.0308e-05
12368       1.03e-05
12369    1.02921e-05
12370    1.02842e-05
12371    1.02762e-05
12372    1.02683e-05
12373    1.02604e-05
12374    1.02525e-05
12375    1.02446e-05
12376    1.02367e-05
12377    1.02288e-05
12378    1.02209e-05
12379     1.0213e-05
12380    1.02051e-05
12381    1.01973e-05
12382    1.01894e-05
12383    1.01816e-05
12384    1.01737e-05
12385    1.01659e-05
12386     1.0158e-05
12387    1.01502e-05
12388    1.01424e-05
12389    1.01346e-05
12390    1.01267e-05
12391    1.01189e-05
12392    1.01111e-05
12393    1.01033e-05
12394    1.00955e-05
12395    1.00878e-05
12396      1.008e-05
12397    1.00722e-05
12398    1.00645e-05
12399    1.00567e-05
12400    1.00489e-05
12401    1.00412e-05
12402    1.00334e-05
12403    1.00257e-05
12404     1.0018e-05
12405    1.00103e-05
12406    1.00025e-05
12407    9.99483e-06
